case,label,rounds,median_time_saved_percent,min_time_saved_percent,max_time_saved_percent
2d-global-0.111111x,"2D global · 5,665 eligible",4,13.04162041415164,7.528595952901251,28.561528243312218
2d-global-0.333333x,"2D global · 17,051 eligible",4,19.80429543885417,17.278248461538936,20.279543157292
2d-global-1x,"2D global · 51,568 eligible",4,20.87181673017873,19.606542744257048,22.15371300919351
3d-global-0.0333333x,"3D global · 1,764 eligible",8,28.88711660120061,26.095186711636874,29.243964246250275
3d-global-0.1x,"3D global · 5,496 eligible",8,27.94655960859135,20.388776838363498,32.893130084967815
3d-global-0.3x,"3D global · 17,340 eligible",8,31.420571219949053,25.062618758485332,37.40856245621879
3d-global-0.9x,"3D global · 52,711 eligible",8,30.190107814108842,21.204033114368105,44.070412297263964
3d-prostate-nodes-1x,Prostate and nodes,4,26.325808737816864,23.4855675122564,29.303310173714948
3d-sabr-1x,SABR-like,4,21.91752107469653,13.046210883108545,24.734856096277692
3d-diagnostic-1x,"Diagnostic · compact, base, easy",4,24.452769176912682,-3.1977510867099435,30.037718550553084
3d-diagnostic-2x,"Diagnostic · compact, base, hard",4,24.35722139205278,20.286807932018803,30.322895295093556
3d-diagnostic-3x,"Diagnostic · broad, base, easy",4,25.55474837275157,20.33186425517726,35.43607923941361
3d-diagnostic-4x,"Diagnostic · broad, base, hard",4,29.593413840017064,27.766524167980876,43.20320562897414
3d-diagnostic-5x,"Diagnostic · compact, padded, easy",4,15.985254204221132,12.64901382258472,23.483906132747524
3d-diagnostic-6x,"Diagnostic · compact, padded, hard",4,23.94589364917782,19.32157294342226,27.18680448327624
3d-diagnostic-7x,"Diagnostic · broad, padded, easy",4,20.23417684009379,15.452988593953432,26.085450165649394
3d-diagnostic-8x,"Diagnostic · broad, padded, hard",4,28.111090759770562,24.59310414588981,30.799823940538563
