case,dimension,profile,points,eligible_points,round,variant,revision,started_utc,seconds,warmup_seconds
3d-sabr-1x,3,sabr,11674281,149547,0,previous-pymedphys,866f83edad8586a42a739094e488f45242b72c95,2026-09-27T11:53:48.708637+00:00,4.043606600011117,4.9565395999961765
3d-sabr-1x,3,sabr,11674281,149547,0,current-pymedphys,9b3a8aa00b752fd70bd92acd6d24f1089288dde5,2026-09-27T11:54:00.731624+00:00,3.233839100008481,4.081427500001155
3d-sabr-1x,3,sabr,11674281,149547,0,current-scipy,9b3a8aa00b752fd70bd92acd6d24f1089288dde5,2026-09-27T11:54:11.024725+00:00,12.755602600009297,14.676686100006918
3d-sabr-1x,3,sabr,11674281,149547,0,previous-scipy,866f83edad8586a42a739094e488f45242b72c95,2026-09-27T11:54:41.452526+00:00,12.313607199990656,13.282188500001212
2d-global-0.111111x,2,global,17689,5665,0,previous-pymedphys,866f83edad8586a42a739094e488f45242b72c95,2026-09-27T11:55:11.046412+00:00,0.029436100012389943,0.7626820000004955
2d-global-0.111111x,2,global,17689,5665,0,current-pymedphys,9b3a8aa00b752fd70bd92acd6d24f1089288dde5,2026-09-27T11:55:13.111857+00:00,0.021028699993621558,0.7364479000098072
2d-global-0.111111x,2,global,17689,5665,0,current-scipy,9b3a8aa00b752fd70bd92acd6d24f1089288dde5,2026-09-27T11:55:15.115506+00:00,0.0396177000075113,1.1127468999911798
2d-global-0.111111x,2,global,17689,5665,0,previous-scipy,866f83edad8586a42a739094e488f45242b72c95,2026-09-27T11:55:17.493520+00:00,0.039964099996723235,1.1459012999985134
3d-diagnostic-2x,3,diagnostic,20181,293,0,previous-pymedphys,866f83edad8586a42a739094e488f45242b72c95,2026-09-27T11:55:20.405858+00:00,0.15564889999222942,0.8751501999940956
3d-diagnostic-2x,3,diagnostic,20181,293,0,current-pymedphys,9b3a8aa00b752fd70bd92acd6d24f1089288dde5,2026-09-27T11:55:22.659665+00:00,0.1212762999930419,0.940106599999126
3d-diagnostic-2x,3,diagnostic,20181,293,0,current-scipy,9b3a8aa00b752fd70bd92acd6d24f1089288dde5,2026-09-27T11:55:24.960828+00:00,0.7083366000006208,1.751818100005039
3d-diagnostic-2x,3,diagnostic,20181,293,0,previous-scipy,866f83edad8586a42a739094e488f45242b72c95,2026-09-27T11:55:28.760809+00:00,0.6958880000020145,1.7427850999956718
3d-diagnostic-5x,3,diagnostic,68479,293,0,previous-pymedphys,866f83edad8586a42a739094e488f45242b72c95,2026-09-27T11:55:32.993153+00:00,0.005473500001244247,0.7185049999970943
3d-diagnostic-5x,3,diagnostic,68479,293,0,current-pymedphys,9b3a8aa00b752fd70bd92acd6d24f1089288dde5,2026-09-27T11:55:35.019232+00:00,0.004576099992846139,0.7527911000070162
3d-diagnostic-5x,3,diagnostic,68479,293,0,current-scipy,9b3a8aa00b752fd70bd92acd6d24f1089288dde5,2026-09-27T11:55:37.060657+00:00,0.007682499999646097,1.130363700009184
3d-diagnostic-5x,3,diagnostic,68479,293,0,previous-scipy,866f83edad8586a42a739094e488f45242b72c95,2026-09-27T11:55:39.481590+00:00,0.008766600003582425,1.138105900012306
3d-diagnostic-8x,3,diagnostic,68479,1745,0,previous-pymedphys,866f83edad8586a42a739094e488f45242b72c95,2026-09-27T11:55:42.430572+00:00,0.8693094000045676,1.669497599999886
3d-diagnostic-8x,3,diagnostic,68479,1745,0,current-pymedphys,9b3a8aa00b752fd70bd92acd6d24f1089288dde5,2026-09-27T11:55:46.269054+00:00,0.6273877000057837,1.324743099990883
3d-diagnostic-8x,3,diagnostic,68479,1745,0,current-scipy,9b3a8aa00b752fd70bd92acd6d24f1089288dde5,2026-09-27T11:55:49.529868+00:00,3.8078952000068966,5.008041399996728
3d-diagnostic-8x,3,diagnostic,68479,1745,0,previous-scipy,866f83edad8586a42a739094e488f45242b72c95,2026-09-27T11:55:59.632063+00:00,3.604483599992818,4.819533200003207
3d-global-0.3x,3,global,38988,17340,0,previous-pymedphys,866f83edad8586a42a739094e488f45242b72c95,2026-09-27T11:56:10.016899+00:00,0.9463802999962354,1.7313607999967644
3d-global-0.3x,3,global,38988,17340,0,current-pymedphys,9b3a8aa00b752fd70bd92acd6d24f1089288dde5,2026-09-27T11:56:14.103352+00:00,0.6261205000046175,1.3788088000001153
3d-global-0.3x,3,global,38988,17340,0,current-scipy,9b3a8aa00b752fd70bd92acd6d24f1089288dde5,2026-09-27T11:56:17.395262+00:00,3.3648670999973547,4.496870400005719
3d-global-0.3x,3,global,38988,17340,0,previous-scipy,866f83edad8586a42a739094e488f45242b72c95,2026-09-27T11:56:26.603579+00:00,3.317573000007542,4.300835100002587
3d-global-0.1x,3,global,12844,5496,0,previous-pymedphys,866f83edad8586a42a739094e488f45242b72c95,2026-09-27T11:56:35.515916+00:00,0.30389750000904314,0.7937940999981947
3d-global-0.1x,3,global,12844,5496,0,current-pymedphys,9b3a8aa00b752fd70bd92acd6d24f1089288dde5,2026-09-27T11:56:37.482527+00:00,0.20393610000610352,0.685515100005432
3d-global-0.1x,3,global,12844,5496,0,current-scipy,9b3a8aa00b752fd70bd92acd6d24f1089288dde5,2026-09-27T11:56:39.215962+00:00,1.162828200001968,1.9860808000084944
3d-global-0.1x,3,global,12844,5496,0,previous-scipy,866f83edad8586a42a739094e488f45242b72c95,2026-09-27T11:56:43.250569+00:00,1.304586800004472,1.8890323999949032
3d-diagnostic-4x,3,diagnostic,20181,1745,0,previous-pymedphys,866f83edad8586a42a739094e488f45242b72c95,2026-09-27T11:56:47.781925+00:00,1.134055200003786,1.5915122000005795
3d-diagnostic-4x,3,diagnostic,20181,1745,0,current-pymedphys,9b3a8aa00b752fd70bd92acd6d24f1089288dde5,2026-09-27T11:56:51.444514+00:00,0.6441070000000764,1.1905008000030648
3d-diagnostic-4x,3,diagnostic,20181,1745,0,current-scipy,9b3a8aa00b752fd70bd92acd6d24f1089288dde5,2026-09-27T11:56:54.185873+00:00,3.9969678000052227,4.870751599999494
3d-diagnostic-4x,3,diagnostic,20181,1745,0,previous-scipy,866f83edad8586a42a739094e488f45242b72c95,2026-09-27T11:57:04.042795+00:00,4.141526300008991,4.418676300003426
3d-diagnostic-6x,3,diagnostic,68479,293,0,previous-pymedphys,866f83edad8586a42a739094e488f45242b72c95,2026-09-27T11:57:13.828953+00:00,0.17163399999844842,0.6627924000058556
3d-diagnostic-6x,3,diagnostic,68479,293,0,current-pymedphys,9b3a8aa00b752fd70bd92acd6d24f1089288dde5,2026-09-27T11:57:15.538024+00:00,0.1249721999920439,0.6001604999910342
3d-diagnostic-6x,3,diagnostic,68479,293,0,current-scipy,9b3a8aa00b752fd70bd92acd6d24f1089288dde5,2026-09-27T11:57:17.116061+00:00,0.6731721999967704,1.2724148999986937
3d-diagnostic-6x,3,diagnostic,68479,293,0,previous-scipy,866f83edad8586a42a739094e488f45242b72c95,2026-09-27T11:57:19.893370+00:00,0.6773797000059858,1.2607325999997556
2d-global-0.333333x,2,global,53361,17051,0,previous-pymedphys,866f83edad8586a42a739094e488f45242b72c95,2026-09-27T11:57:23.084051+00:00,0.09030550000898074,0.5782813999976497
2d-global-0.333333x,2,global,53361,17051,0,current-pymedphys,9b3a8aa00b752fd70bd92acd6d24f1089288dde5,2026-09-27T11:57:24.578981+00:00,0.0728194999974221,0.5716523000010056
2d-global-0.333333x,2,global,53361,17051,0,current-scipy,9b3a8aa00b752fd70bd92acd6d24f1089288dde5,2026-09-27T11:57:26.085852+00:00,0.12785889999940991,0.6990113999927416
2d-global-0.333333x,2,global,53361,17051,0,previous-scipy,866f83edad8586a42a739094e488f45242b72c95,2026-09-27T11:57:27.777453+00:00,0.12567559999297373,0.709419999999227
3d-diagnostic-1x,3,diagnostic,20181,293,0,previous-pymedphys,866f83edad8586a42a739094e488f45242b72c95,2026-09-27T11:57:29.819730+00:00,0.00267580000218004,0.516124799993122
3d-diagnostic-1x,3,diagnostic,20181,293,0,current-pymedphys,9b3a8aa00b752fd70bd92acd6d24f1089288dde5,2026-09-27T11:57:31.183715+00:00,0.002166999998735264,0.5777978999976767
3d-diagnostic-1x,3,diagnostic,20181,293,0,current-scipy,9b3a8aa00b752fd70bd92acd6d24f1089288dde5,2026-09-27T11:57:32.682217+00:00,0.005703600007109344,0.5709122999978717
3d-diagnostic-1x,3,diagnostic,20181,293,0,previous-scipy,866f83edad8586a42a739094e488f45242b72c95,2026-09-27T11:57:34.089891+00:00,0.005699400004232302,0.5798869999998715
3d-diagnostic-7x,3,diagnostic,68479,1745,0,previous-pymedphys,866f83edad8586a42a739094e488f45242b72c95,2026-09-27T11:57:35.884017+00:00,0.011641099990811199,0.5053231999918353
3d-diagnostic-7x,3,diagnostic,68479,1745,0,current-pymedphys,9b3a8aa00b752fd70bd92acd6d24f1089288dde5,2026-09-27T11:57:37.283634+00:00,0.009556199991493486,0.5233112999994773
3d-diagnostic-7x,3,diagnostic,68479,1745,0,current-scipy,9b3a8aa00b752fd70bd92acd6d24f1089288dde5,2026-09-27T11:57:38.697555+00:00,0.034125699996366166,0.6381339999934426
3d-diagnostic-7x,3,diagnostic,68479,1745,0,previous-scipy,866f83edad8586a42a739094e488f45242b72c95,2026-09-27T11:57:40.218427+00:00,0.035493199990014546,0.637266500008991
3d-global-0.0333333x,3,global,4212,1764,0,previous-pymedphys,866f83edad8586a42a739094e488f45242b72c95,2026-09-27T11:57:42.204446+00:00,0.0984040999901481,0.5943120000010822
3d-global-0.0333333x,3,global,4212,1764,0,current-pymedphys,9b3a8aa00b752fd70bd92acd6d24f1089288dde5,2026-09-27T11:57:43.773114+00:00,0.07002549999742769,0.5491024000075413
3d-global-0.0333333x,3,global,4212,1764,0,current-scipy,9b3a8aa00b752fd70bd92acd6d24f1089288dde5,2026-09-27T11:57:45.262734+00:00,0.4402517999988049,1.0541439999942668
3d-global-0.0333333x,3,global,4212,1764,0,previous-scipy,866f83edad8586a42a739094e488f45242b72c95,2026-09-27T11:57:47.586830+00:00,0.43054890001076274,1.023432200003299
2d-global-1x,2,global,160000,51568,0,previous-pymedphys,866f83edad8586a42a739094e488f45242b72c95,2026-09-27T11:57:50.276656+00:00,0.2725071000022581,0.761784100002842
2d-global-1x,2,global,160000,51568,0,current-pymedphys,9b3a8aa00b752fd70bd92acd6d24f1089288dde5,2026-09-27T11:57:52.167333+00:00,0.2176227000018116,0.6849187000043457
2d-global-1x,2,global,160000,51568,0,current-scipy,9b3a8aa00b752fd70bd92acd6d24f1089288dde5,2026-09-27T11:57:53.917187+00:00,0.39467249999870546,0.9644800000096438
2d-global-1x,2,global,160000,51568,0,previous-scipy,866f83edad8586a42a739094e488f45242b72c95,2026-09-27T11:57:56.120750+00:00,0.4065354999911506,0.9904606000054628
3d-prostate-nodes-1x,3,prostate-nodes,5210121,245100,0,previous-pymedphys,866f83edad8586a42a739094e488f45242b72c95,2026-09-27T11:57:58.785514+00:00,6.32876760000363,7.405368299994734
3d-prostate-nodes-1x,3,prostate-nodes,5210121,245100,0,current-pymedphys,9b3a8aa00b752fd70bd92acd6d24f1089288dde5,2026-09-27T11:58:15.354109+00:00,4.474229200000991,5.076043299995945
3d-prostate-nodes-1x,3,prostate-nodes,5210121,245100,0,current-scipy,9b3a8aa00b752fd70bd92acd6d24f1089288dde5,2026-09-27T11:58:27.784225+00:00,23.570386399995186,26.15928530000383
3d-prostate-nodes-1x,3,prostate-nodes,5210121,245100,0,previous-scipy,866f83edad8586a42a739094e488f45242b72c95,2026-09-27T11:59:20.346053+00:00,24.298462399994605,24.413053800002672
3d-diagnostic-3x,3,diagnostic,20181,1745,0,previous-pymedphys,866f83edad8586a42a739094e488f45242b72c95,2026-09-27T12:00:12.435227+00:00,0.009642500008339994,0.5104298999940511
3d-diagnostic-3x,3,diagnostic,20181,1745,0,current-pymedphys,9b3a8aa00b752fd70bd92acd6d24f1089288dde5,2026-09-27T12:00:13.821690+00:00,0.007681999995838851,0.4991452999965986
3d-diagnostic-3x,3,diagnostic,20181,1745,0,current-scipy,9b3a8aa00b752fd70bd92acd6d24f1089288dde5,2026-09-27T12:00:15.244668+00:00,0.029823200005921535,0.5963768000074197
3d-diagnostic-3x,3,diagnostic,20181,1745,0,previous-scipy,866f83edad8586a42a739094e488f45242b72c95,2026-09-27T12:00:16.718608+00:00,0.027801799995359033,0.6076020000036806
3d-global-0.9x,3,global,117975,52711,0,previous-pymedphys,866f83edad8586a42a739094e488f45242b72c95,2026-09-27T12:00:18.539870+00:00,2.411940699996194,3.0838859000068624
3d-global-0.9x,3,global,117975,52711,0,current-pymedphys,9b3a8aa00b752fd70bd92acd6d24f1089288dde5,2026-09-27T12:00:24.931269+00:00,1.8665550000005169,2.3467864000122063
3d-global-0.9x,3,global,117975,52711,0,current-scipy,9b3a8aa00b752fd70bd92acd6d24f1089288dde5,2026-09-27T12:00:30.015837+00:00,10.378435499995248,11.054876900001545
3d-global-0.9x,3,global,117975,52711,0,previous-scipy,866f83edad8586a42a739094e488f45242b72c95,2026-09-27T12:00:52.387550+00:00,10.06278900000325,11.570547299997997
3d-global-0.1x,3,global,12844,5496,1,current-pymedphys,9b3a8aa00b752fd70bd92acd6d24f1089288dde5,2026-09-27T12:01:15.851861+00:00,0.20291140000335872,0.8784130999993067
3d-global-0.1x,3,global,12844,5496,1,previous-scipy,866f83edad8586a42a739094e488f45242b72c95,2026-09-27T12:01:18.121182+00:00,1.2796991000068374,2.292294899991248
3d-global-0.1x,3,global,12844,5496,1,previous-pymedphys,866f83edad8586a42a739094e488f45242b72c95,2026-09-27T12:01:22.967298+00:00,0.29635119999875315,0.9637889000005089
3d-global-0.1x,3,global,12844,5496,1,current-scipy,9b3a8aa00b752fd70bd92acd6d24f1089288dde5,2026-09-27T12:01:25.423799+00:00,1.1130779999948572,2.315242299999227
3d-global-0.3x,3,global,38988,17340,1,current-pymedphys,9b3a8aa00b752fd70bd92acd6d24f1089288dde5,2026-09-27T12:01:30.595330+00:00,0.6371147000027122,1.3233629000023939
3d-global-0.3x,3,global,38988,17340,1,previous-scipy,866f83edad8586a42a739094e488f45242b72c95,2026-09-27T12:01:33.810485+00:00,3.293624500001897,4.4692249999934575
3d-global-0.3x,3,global,38988,17340,1,previous-pymedphys,866f83edad8586a42a739094e488f45242b72c95,2026-09-27T12:01:42.762269+00:00,0.9214087000000291,1.5895775999961188
3d-global-0.3x,3,global,38988,17340,1,current-scipy,9b3a8aa00b752fd70bd92acd6d24f1089288dde5,2026-09-27T12:01:46.524483+00:00,3.43646089998947,4.59292579999601
3d-global-0.0333333x,3,global,4212,1764,1,current-pymedphys,9b3a8aa00b752fd70bd92acd6d24f1089288dde5,2026-09-27T12:01:56.317535+00:00,0.06865080000716262,0.7827019999967888
3d-global-0.0333333x,3,global,4212,1764,1,previous-scipy,866f83edad8586a42a739094e488f45242b72c95,2026-09-27T12:01:58.385047+00:00,0.40528619999531657,1.4802510000008624
3d-global-0.0333333x,3,global,4212,1764,1,previous-pymedphys,866f83edad8586a42a739094e488f45242b72c95,2026-09-27T12:02:01.484939+00:00,0.09681310001178645,0.7997846999933245
3d-global-0.0333333x,3,global,4212,1764,1,current-scipy,9b3a8aa00b752fd70bd92acd6d24f1089288dde5,2026-09-27T12:02:03.606367+00:00,0.4103884999931324,1.4670165000134148
3d-global-0.9x,3,global,117975,52711,1,current-pymedphys,9b3a8aa00b752fd70bd92acd6d24f1089288dde5,2026-09-27T12:02:07.185109+00:00,1.8885722000122769,2.5189782999950694
3d-global-0.9x,3,global,117975,52711,1,previous-scipy,866f83edad8586a42a739094e488f45242b72c95,2026-09-27T12:02:12.918506+00:00,9.805100999990827,12.643419800006086
3d-global-0.9x,3,global,117975,52711,1,previous-pymedphys,866f83edad8586a42a739094e488f45242b72c95,2026-09-27T12:02:36.753868+00:00,2.3967879000119865,3.319887900011963
3d-global-0.9x,3,global,117975,52711,1,current-scipy,9b3a8aa00b752fd70bd92acd6d24f1089288dde5,2026-09-27T12:02:43.766399+00:00,12.178345499996794,11.742163200004143
3d-diagnostic-7x,3,diagnostic,68479,1745,1,current-pymedphys,9b3a8aa00b752fd70bd92acd6d24f1089288dde5,2026-09-27T12:03:09.646201+00:00,0.009599799988791347,0.7938883000024362
3d-diagnostic-7x,3,diagnostic,68479,1745,1,previous-scipy,866f83edad8586a42a739094e488f45242b72c95,2026-09-27T12:03:11.691579+00:00,0.02934709998953622,1.087140100004035
3d-diagnostic-7x,3,diagnostic,68479,1745,1,previous-pymedphys,866f83edad8586a42a739094e488f45242b72c95,2026-09-27T12:03:13.999697+00:00,0.01298769999993965,0.7293475000042235
3d-diagnostic-7x,3,diagnostic,68479,1745,1,current-scipy,9b3a8aa00b752fd70bd92acd6d24f1089288dde5,2026-09-27T12:03:15.981887+00:00,0.03088279999792576,1.1295564000029117
3d-diagnostic-3x,3,diagnostic,20181,1745,1,current-pymedphys,9b3a8aa00b752fd70bd92acd6d24f1089288dde5,2026-09-27T12:03:18.886097+00:00,0.006842499991762452,0.7141511000081664
3d-diagnostic-3x,3,diagnostic,20181,1745,1,previous-scipy,866f83edad8586a42a739094e488f45242b72c95,2026-09-27T12:03:20.848162+00:00,0.02862440000171773,1.1113995999912731
3d-diagnostic-3x,3,diagnostic,20181,1745,1,previous-pymedphys,866f83edad8586a42a739094e488f45242b72c95,2026-09-27T12:03:23.215970+00:00,0.009526100009679794,0.7510333999962313
3d-diagnostic-3x,3,diagnostic,20181,1745,1,current-scipy,9b3a8aa00b752fd70bd92acd6d24f1089288dde5,2026-09-27T12:03:25.218331+00:00,0.026784300003782846,1.134706400000141
3d-global-0.0333333x,3,global,4212,1764,2,previous-scipy,866f83edad8586a42a739094e488f45242b72c95,2026-09-27T12:03:28.149598+00:00,0.4094693999941228,1.530759000001126
3d-global-0.0333333x,3,global,4212,1764,2,current-scipy,9b3a8aa00b752fd70bd92acd6d24f1089288dde5,2026-09-27T12:03:31.331570+00:00,0.48032980000425596,1.5651909000007436
3d-global-0.0333333x,3,global,4212,1764,2,current-pymedphys,9b3a8aa00b752fd70bd92acd6d24f1089288dde5,2026-09-27T12:03:34.668453+00:00,0.07325549999950454,0.7962711000000127
3d-global-0.0333333x,3,global,4212,1764,2,previous-pymedphys,866f83edad8586a42a739094e488f45242b72c95,2026-09-27T12:03:36.778155+00:00,0.10045999998692423,0.8642261999921175
2d-global-0.111111x,2,global,17689,5665,1,current-pymedphys,9b3a8aa00b752fd70bd92acd6d24f1089288dde5,2026-09-27T12:03:39.617766+00:00,0.021590999996988103,0.743327500007581
2d-global-0.111111x,2,global,17689,5665,1,previous-scipy,866f83edad8586a42a739094e488f45242b72c95,2026-09-27T12:03:41.753622+00:00,0.04235020000487566,1.1384610000095563
2d-global-0.111111x,2,global,17689,5665,1,previous-pymedphys,866f83edad8586a42a739094e488f45242b72c95,2026-09-27T12:03:44.153735+00:00,0.02372859999013599,0.743433300012839
2d-global-0.111111x,2,global,17689,5665,1,current-scipy,9b3a8aa00b752fd70bd92acd6d24f1089288dde5,2026-09-27T12:03:46.127064+00:00,0.039093800005503,1.126381299996865
2d-global-0.333333x,2,global,53361,17051,1,current-pymedphys,9b3a8aa00b752fd70bd92acd6d24f1089288dde5,2026-09-27T12:03:49.101872+00:00,0.07199820000096224,0.7911320999992313
2d-global-0.333333x,2,global,53361,17051,1,previous-scipy,866f83edad8586a42a739094e488f45242b72c95,2026-09-27T12:03:51.221173+00:00,0.1252742000069702,1.2079701000038767
2d-global-0.333333x,2,global,53361,17051,1,previous-pymedphys,866f83edad8586a42a739094e488f45242b72c95,2026-09-27T12:03:53.803271+00:00,0.0870366000017384,0.7917900000029476
2d-global-0.333333x,2,global,53361,17051,1,current-scipy,9b3a8aa00b752fd70bd92acd6d24f1089288dde5,2026-09-27T12:03:55.925944+00:00,0.11456089999410324,1.1758259999915026
3d-diagnostic-1x,3,diagnostic,20181,293,1,current-pymedphys,9b3a8aa00b752fd70bd92acd6d24f1089288dde5,2026-09-27T12:03:58.972860+00:00,0.0021416999952634797,0.7063819000031799
3d-diagnostic-1x,3,diagnostic,20181,293,1,previous-scipy,866f83edad8586a42a739094e488f45242b72c95,2026-09-27T12:04:00.920778+00:00,0.005492399999639019,1.0713013999920804
3d-diagnostic-1x,3,diagnostic,20181,293,1,previous-pymedphys,866f83edad8586a42a739094e488f45242b72c95,2026-09-27T12:04:03.215149+00:00,0.003054800006793812,0.6994222000066657
3d-diagnostic-1x,3,diagnostic,20181,293,1,current-scipy,9b3a8aa00b752fd70bd92acd6d24f1089288dde5,2026-09-27T12:04:05.154945+00:00,0.0061443000013241544,1.1430509999918286
3d-diagnostic-6x,3,diagnostic,68479,293,1,current-pymedphys,9b3a8aa00b752fd70bd92acd6d24f1089288dde5,2026-09-27T12:04:08.072532+00:00,0.1258883000118658,0.8552083999966271
3d-diagnostic-6x,3,diagnostic,68479,293,1,previous-scipy,866f83edad8586a42a739094e488f45242b72c95,2026-09-27T12:04:10.286130+00:00,0.6927843000012217,1.7722598999971524
3d-diagnostic-6x,3,diagnostic,68479,293,1,previous-pymedphys,866f83edad8586a42a739094e488f45242b72c95,2026-09-27T12:04:14.083023+00:00,0.1634020000055898,0.8735635999910301
3d-diagnostic-6x,3,diagnostic,68479,293,1,current-scipy,9b3a8aa00b752fd70bd92acd6d24f1089288dde5,2026-09-27T12:04:16.324675+00:00,0.7061041999986628,1.735852400001022
3d-prostate-nodes-1x,3,prostate-nodes,5210121,245100,1,current-pymedphys,9b3a8aa00b752fd70bd92acd6d24f1089288dde5,2026-09-27T12:04:20.476879+00:00,4.72614140000951,5.555666899992502
3d-prostate-nodes-1x,3,prostate-nodes,5210121,245100,1,previous-scipy,866f83edad8586a42a739094e488f45242b72c95,2026-09-27T12:04:33.995852+00:00,24.22116030000325,26.78658830000495
3d-prostate-nodes-1x,3,prostate-nodes,5210121,245100,1,previous-pymedphys,866f83edad8586a42a739094e488f45242b72c95,2026-09-27T12:05:28.411898+00:00,6.176797299995087,6.843986399995629
3d-prostate-nodes-1x,3,prostate-nodes,5210121,245100,1,current-scipy,9b3a8aa00b752fd70bd92acd6d24f1089288dde5,2026-09-27T12:05:44.304693+00:00,23.446325400000205,24.180690799999866
3d-global-0.9x,3,global,117975,52711,2,previous-scipy,866f83edad8586a42a739094e488f45242b72c95,2026-09-27T12:06:35.426633+00:00,9.844965900003444,11.072056299992255
3d-global-0.9x,3,global,117975,52711,2,current-scipy,9b3a8aa00b752fd70bd92acd6d24f1089288dde5,2026-09-27T12:06:57.259807+00:00,9.884713400009787,11.56161040000734
3d-global-0.9x,3,global,117975,52711,2,current-pymedphys,9b3a8aa00b752fd70bd92acd6d24f1089288dde5,2026-09-27T12:07:19.635756+00:00,1.6738771999953315,2.330235300003551
3d-global-0.9x,3,global,117975,52711,2,previous-pymedphys,866f83edad8586a42a739094e488f45242b72c95,2026-09-27T12:07:24.536277+00:00,2.9928294999990612,3.299540599997272
3d-diagnostic-8x,3,diagnostic,68479,1745,1,current-pymedphys,9b3a8aa00b752fd70bd92acd6d24f1089288dde5,2026-09-27T12:07:32.130057+00:00,0.6294785999925807,1.1462421000032919
3d-diagnostic-8x,3,diagnostic,68479,1745,1,previous-scipy,866f83edad8586a42a739094e488f45242b72c95,2026-09-27T12:07:34.802800+00:00,3.5922566000081133,4.792315099999541
3d-diagnostic-8x,3,diagnostic,68479,1745,1,previous-pymedphys,866f83edad8586a42a739094e488f45242b72c95,2026-09-27T12:07:44.084012+00:00,0.8790740999975242,1.3761427999997977
3d-diagnostic-8x,3,diagnostic,68479,1745,1,current-scipy,9b3a8aa00b752fd70bd92acd6d24f1089288dde5,2026-09-27T12:07:47.276353+00:00,4.133222400007071,4.414460200001486
3d-diagnostic-5x,3,diagnostic,68479,293,1,current-pymedphys,9b3a8aa00b752fd70bd92acd6d24f1089288dde5,2026-09-27T12:07:57.069753+00:00,0.004117399992537685,0.4730896999972174
3d-diagnostic-5x,3,diagnostic,68479,293,1,previous-scipy,866f83edad8586a42a739094e488f45242b72c95,2026-09-27T12:07:58.418228+00:00,0.007883400001446716,0.5559049000003142
3d-diagnostic-5x,3,diagnostic,68479,293,1,previous-pymedphys,866f83edad8586a42a739094e488f45242b72c95,2026-09-27T12:07:59.818711+00:00,0.004876999999396503,0.48862479999661446
3d-diagnostic-5x,3,diagnostic,68479,293,1,current-scipy,9b3a8aa00b752fd70bd92acd6d24f1089288dde5,2026-09-27T12:08:01.166061+00:00,0.007766700000502169,0.5607493999996223
2d-global-1x,2,global,160000,51568,1,current-pymedphys,9b3a8aa00b752fd70bd92acd6d24f1089288dde5,2026-09-27T12:08:02.927096+00:00,0.22188299999106675,0.6902724000101443
2d-global-1x,2,global,160000,51568,1,previous-scipy,866f83edad8586a42a739094e488f45242b72c95,2026-09-27T12:08:04.692968+00:00,0.3844539999990957,0.9679268000036245
2d-global-1x,2,global,160000,51568,1,previous-pymedphys,866f83edad8586a42a739094e488f45242b72c95,2026-09-27T12:08:06.901697+00:00,0.2830251999985194,0.8005043000011938
2d-global-1x,2,global,160000,51568,1,current-scipy,9b3a8aa00b752fd70bd92acd6d24f1089288dde5,2026-09-27T12:08:08.852506+00:00,0.4139223999954993,1.024395900007221
3d-global-0.1x,3,global,12844,5496,2,previous-scipy,866f83edad8586a42a739094e488f45242b72c95,2026-09-27T12:08:11.559601+00:00,1.3779823999939254,2.096834600000875
3d-global-0.1x,3,global,12844,5496,2,current-scipy,9b3a8aa00b752fd70bd92acd6d24f1089288dde5,2026-09-27T12:08:15.977079+00:00,1.1828505000012228,1.9220605000009527
3d-global-0.1x,3,global,12844,5496,2,current-pymedphys,9b3a8aa00b752fd70bd92acd6d24f1089288dde5,2026-09-27T12:08:20.026301+00:00,0.23549780000757892,0.6833639999968
3d-global-0.1x,3,global,12844,5496,2,previous-pymedphys,866f83edad8586a42a739094e488f45242b72c95,2026-09-27T12:08:21.892190+00:00,0.29580979999445844,0.8096702000038931
3d-global-0.3x,3,global,38988,17340,2,previous-scipy,866f83edad8586a42a739094e488f45242b72c95,2026-09-27T12:08:24.327690+00:00,3.3780278000049293,4.140511200006586
3d-global-0.3x,3,global,38988,17340,2,current-scipy,9b3a8aa00b752fd70bd92acd6d24f1089288dde5,2026-09-27T12:08:32.738200+00:00,3.4512858999951277,4.462711600004695
3d-global-0.3x,3,global,38988,17340,2,current-pymedphys,9b3a8aa00b752fd70bd92acd6d24f1089288dde5,2026-09-27T12:08:41.552413+00:00,0.6133638000028441,1.0835346999956528
3d-global-0.3x,3,global,38988,17340,2,previous-pymedphys,866f83edad8586a42a739094e488f45242b72c95,2026-09-27T12:08:44.113381+00:00,0.9497143000044161,1.3740840000100434
3d-diagnostic-4x,3,diagnostic,20181,1745,1,current-pymedphys,9b3a8aa00b752fd70bd92acd6d24f1089288dde5,2026-09-27T12:08:47.735378+00:00,0.626607199999853,1.1442224999918835
3d-diagnostic-4x,3,diagnostic,20181,1745,1,previous-scipy,866f83edad8586a42a739094e488f45242b72c95,2026-09-27T12:08:50.411900+00:00,3.807781800001976,4.517017100006342
3d-diagnostic-4x,3,diagnostic,20181,1745,1,previous-pymedphys,866f83edad8586a42a739094e488f45242b72c95,2026-09-27T12:08:59.602444+00:00,0.8674747999903047,1.3927974999969592
3d-diagnostic-4x,3,diagnostic,20181,1745,1,current-scipy,9b3a8aa00b752fd70bd92acd6d24f1089288dde5,2026-09-27T12:09:02.767969+00:00,4.073248999993666,4.445113900001161
3d-diagnostic-2x,3,diagnostic,20181,293,1,current-pymedphys,9b3a8aa00b752fd70bd92acd6d24f1089288dde5,2026-09-27T12:09:12.718868+00:00,0.12465820000215899,0.9076416000025347
3d-diagnostic-2x,3,diagnostic,20181,293,1,previous-scipy,866f83edad8586a42a739094e488f45242b72c95,2026-09-27T12:09:15.093045+00:00,0.5920451999991201,1.834552000000258
3d-diagnostic-2x,3,diagnostic,20181,293,1,previous-pymedphys,866f83edad8586a42a739094e488f45242b72c95,2026-09-27T12:09:18.873687+00:00,0.15638339999713935,0.9323671000020113
3d-diagnostic-2x,3,diagnostic,20181,293,1,current-scipy,9b3a8aa00b752fd70bd92acd6d24f1089288dde5,2026-09-27T12:09:21.234679+00:00,0.683929699996952,1.8409455999935744
3d-sabr-1x,3,sabr,11674281,149547,1,current-pymedphys,9b3a8aa00b752fd70bd92acd6d24f1089288dde5,2026-09-27T12:09:25.567854+00:00,3.394847400006256,4.345097099998384
3d-sabr-1x,3,sabr,11674281,149547,1,previous-scipy,866f83edad8586a42a739094e488f45242b72c95,2026-09-27T12:09:36.265035+00:00,12.719357499998296,15.241598000007798
3d-sabr-1x,3,sabr,11674281,149547,1,previous-pymedphys,866f83edad8586a42a739094e488f45242b72c95,2026-09-27T12:10:07.226437+00:00,3.904197200012277,4.872629199991934
3d-sabr-1x,3,sabr,11674281,149547,1,current-scipy,9b3a8aa00b752fd70bd92acd6d24f1089288dde5,2026-09-27T12:10:18.968615+00:00,12.474757400006638,13.142480700000306
3d-global-0.9x,3,global,117975,52711,3,current-scipy,9b3a8aa00b752fd70bd92acd6d24f1089288dde5,2026-09-27T12:10:48.553200+00:00,10.345227899990277,11.267690399996354
3d-global-0.9x,3,global,117975,52711,3,previous-pymedphys,866f83edad8586a42a739094e488f45242b72c95,2026-09-27T12:11:11.459409+00:00,2.498010700001032,3.334340900008101
3d-global-0.9x,3,global,117975,52711,3,previous-scipy,866f83edad8586a42a739094e488f45242b72c95,2026-09-27T12:11:18.542257+00:00,11.475874800002202,11.935781600011978
3d-global-0.9x,3,global,117975,52711,3,current-pymedphys,9b3a8aa00b752fd70bd92acd6d24f1089288dde5,2026-09-27T12:11:43.217691+00:00,1.7785323999996763,2.5175419000006514
3d-global-0.1x,3,global,12844,5496,3,current-scipy,9b3a8aa00b752fd70bd92acd6d24f1089288dde5,2026-09-27T12:11:49.259331+00:00,1.255307699990226,2.3208169999998063
3d-global-0.1x,3,global,12844,5496,3,previous-pymedphys,866f83edad8586a42a739094e488f45242b72c95,2026-09-27T12:11:54.117968+00:00,0.28442680000443943,0.9884889999957522
3d-global-0.1x,3,global,12844,5496,3,previous-scipy,866f83edad8586a42a739094e488f45242b72c95,2026-09-27T12:11:56.611983+00:00,1.190817299997434,2.306278799995198
3d-global-0.1x,3,global,12844,5496,3,current-pymedphys,9b3a8aa00b752fd70bd92acd6d24f1089288dde5,2026-09-27T12:12:01.359743+00:00,0.20138339999539312,0.9081123000069056
3d-global-0.3x,3,global,38988,17340,3,current-scipy,9b3a8aa00b752fd70bd92acd6d24f1089288dde5,2026-09-27T12:12:04.217653+00:00,3.8923862999945413,4.855907600009232
3d-global-0.3x,3,global,38988,17340,3,previous-pymedphys,866f83edad8586a42a739094e488f45242b72c95,2026-09-27T12:12:14.209431+00:00,0.8355722999986028,1.596728799995617
3d-global-0.3x,3,global,38988,17340,3,previous-scipy,866f83edad8586a42a739094e488f45242b72c95,2026-09-27T12:12:17.943001+00:00,4.087579600003664,4.825104800009285
3d-global-0.3x,3,global,38988,17340,3,current-pymedphys,9b3a8aa00b752fd70bd92acd6d24f1089288dde5,2026-09-27T12:12:28.167713+00:00,0.6261559999984456,1.324283200010541
3d-global-0.0333333x,3,global,4212,1764,3,current-scipy,9b3a8aa00b752fd70bd92acd6d24f1089288dde5,2026-09-27T12:12:31.867760+00:00,0.40134219999890774,1.4790412000002107
3d-global-0.0333333x,3,global,4212,1764,3,previous-pymedphys,866f83edad8586a42a739094e488f45242b72c95,2026-09-27T12:12:34.967711+00:00,0.09825949999503791,0.7994058000040241
3d-global-0.0333333x,3,global,4212,1764,3,previous-scipy,866f83edad8586a42a739094e488f45242b72c95,2026-09-27T12:12:37.142710+00:00,0.4185971000115387,1.4858081999991555
3d-global-0.0333333x,3,global,4212,1764,3,current-pymedphys,9b3a8aa00b752fd70bd92acd6d24f1089288dde5,2026-09-27T12:12:40.301007+00:00,0.07261850000941195,0.7819211000023643
3d-diagnostic-5x,3,diagnostic,68479,293,2,previous-scipy,866f83edad8586a42a739094e488f45242b72c95,2026-09-27T12:12:42.917723+00:00,0.007336800001212396,1.1052278999995906
3d-diagnostic-5x,3,diagnostic,68479,293,2,current-scipy,9b3a8aa00b752fd70bd92acd6d24f1089288dde5,2026-09-27T12:12:45.276033+00:00,0.00815990001137834,1.0834000000031665
3d-diagnostic-5x,3,diagnostic,68479,293,2,current-pymedphys,9b3a8aa00b752fd70bd92acd6d24f1089288dde5,2026-09-27T12:12:47.626157+00:00,0.004139999990002252,0.7187031999928877
3d-diagnostic-5x,3,diagnostic,68479,293,2,previous-pymedphys,866f83edad8586a42a739094e488f45242b72c95,2026-09-27T12:12:49.592706+00:00,0.004739500000141561,0.7165233999985503
3d-global-0.0333333x,3,global,4212,1764,4,previous-pymedphys,866f83edad8586a42a739094e488f45242b72c95,2026-09-27T12:12:52.084388+00:00,0.10023710000677966,0.8044036000064807
3d-global-0.0333333x,3,global,4212,1764,4,current-pymedphys,9b3a8aa00b752fd70bd92acd6d24f1089288dde5,2026-09-27T12:12:54.267729+00:00,0.07123310001043137,0.7844533000024967
3d-global-0.0333333x,3,global,4212,1764,4,current-scipy,9b3a8aa00b752fd70bd92acd6d24f1089288dde5,2026-09-27T12:12:56.384439+00:00,0.4101829999999609,1.4917219000053592
3d-global-0.0333333x,3,global,4212,1764,4,previous-scipy,866f83edad8586a42a739094e488f45242b72c95,2026-09-27T12:12:59.576264+00:00,0.4034261000051629,1.4851110000017798
3d-diagnostic-2x,3,diagnostic,20181,293,2,previous-scipy,866f83edad8586a42a739094e488f45242b72c95,2026-09-27T12:13:03.201038+00:00,0.6178129000036279,1.7354288999922574
3d-diagnostic-2x,3,diagnostic,20181,293,2,current-scipy,9b3a8aa00b752fd70bd92acd6d24f1089288dde5,2026-09-27T12:13:06.859464+00:00,0.6489098999882117,1.7376579000119818
3d-diagnostic-2x,3,diagnostic,20181,293,2,current-pymedphys,9b3a8aa00b752fd70bd92acd6d24f1089288dde5,2026-09-27T12:13:10.484386+00:00,0.1187011000001803,0.8722975999990012
3d-diagnostic-2x,3,diagnostic,20181,293,2,previous-pymedphys,866f83edad8586a42a739094e488f45242b72c95,2026-09-27T12:13:12.751683+00:00,0.16178650000074413,0.8803910999995423
3d-diagnostic-7x,3,diagnostic,68479,1745,2,previous-scipy,866f83edad8586a42a739094e488f45242b72c95,2026-09-27T12:13:15.601074+00:00,0.03218130000459496,1.1637220999982674
3d-diagnostic-7x,3,diagnostic,68479,1745,2,current-scipy,9b3a8aa00b752fd70bd92acd6d24f1089288dde5,2026-09-27T12:13:18.067668+00:00,0.03214989999833051,1.1304433000041172
3d-diagnostic-7x,3,diagnostic,68479,1745,2,current-pymedphys,9b3a8aa00b752fd70bd92acd6d24f1089288dde5,2026-09-27T12:13:20.509342+00:00,0.00912879999668803,0.7425398000050336
3d-diagnostic-7x,3,diagnostic,68479,1745,2,previous-pymedphys,866f83edad8586a42a739094e488f45242b72c95,2026-09-27T12:13:22.535518+00:00,0.011788000003434718,0.7431849999993574
2d-global-0.111111x,2,global,17689,5665,2,previous-scipy,866f83edad8586a42a739094e488f45242b72c95,2026-09-27T12:13:25.092686+00:00,0.03964480001013726,1.1589897999947425
2d-global-0.111111x,2,global,17689,5665,2,current-scipy,9b3a8aa00b752fd70bd92acd6d24f1089288dde5,2026-09-27T12:13:27.542706+00:00,0.03578390000620857,1.0553022999956738
2d-global-0.111111x,2,global,17689,5665,2,current-pymedphys,9b3a8aa00b752fd70bd92acd6d24f1089288dde5,2026-09-27T12:13:29.884253+00:00,0.019408499996643513,0.49337070000183303
2d-global-0.111111x,2,global,17689,5665,2,previous-pymedphys,866f83edad8586a42a739094e488f45242b72c95,2026-09-27T12:13:31.267926+00:00,0.023404799998388626,0.5030410999897867
3d-global-0.9x,3,global,117975,52711,4,previous-pymedphys,866f83edad8586a42a739094e488f45242b72c95,2026-09-27T12:13:33.046554+00:00,2.4191996000008658,3.064149099998758
3d-global-0.9x,3,global,117975,52711,4,current-pymedphys,9b3a8aa00b752fd70bd92acd6d24f1089288dde5,2026-09-27T12:13:39.393507+00:00,1.6877143000019714,2.2803787000011653
3d-global-0.9x,3,global,117975,52711,4,current-scipy,9b3a8aa00b752fd70bd92acd6d24f1089288dde5,2026-09-27T12:13:44.284194+00:00,9.499810500012245,10.69925130000047
3d-global-0.9x,3,global,117975,52711,4,previous-scipy,866f83edad8586a42a739094e488f45242b72c95,2026-09-27T12:14:05.367014+00:00,9.579204499998013,11.827454099999159
2d-global-0.333333x,2,global,53361,17051,2,previous-scipy,866f83edad8586a42a739094e488f45242b72c95,2026-09-27T12:14:28.151798+00:00,0.11905480000132229,0.6774096000008285
2d-global-0.333333x,2,global,53361,17051,2,current-scipy,9b3a8aa00b752fd70bd92acd6d24f1089288dde5,2026-09-27T12:14:29.785015+00:00,0.11944770000991412,0.6640904000087176
2d-global-0.333333x,2,global,53361,17051,2,current-pymedphys,9b3a8aa00b752fd70bd92acd6d24f1089288dde5,2026-09-27T12:14:31.438108+00:00,0.0714492999977665,0.5456441000133054
2d-global-0.333333x,2,global,53361,17051,2,previous-pymedphys,866f83edad8586a42a739094e488f45242b72c95,2026-09-27T12:14:32.910110+00:00,0.08962479999172501,0.5660468999994919
2d-global-1x,2,global,160000,51568,2,previous-scipy,866f83edad8586a42a739094e488f45242b72c95,2026-09-27T12:14:34.809626+00:00,0.3750207999983104,0.9250490999984322
2d-global-1x,2,global,160000,51568,2,current-scipy,9b3a8aa00b752fd70bd92acd6d24f1089288dde5,2026-09-27T12:14:36.959087+00:00,0.37920730000769254,0.9381046000053175
2d-global-1x,2,global,160000,51568,2,current-pymedphys,9b3a8aa00b752fd70bd92acd6d24f1089288dde5,2026-09-27T12:14:39.125818+00:00,0.21570559999963734,0.6943881000042893
2d-global-1x,2,global,160000,51568,2,previous-pymedphys,866f83edad8586a42a739094e488f45242b72c95,2026-09-27T12:14:40.912092+00:00,0.27709169998706784,0.7494679000083124
3d-diagnostic-8x,3,diagnostic,68479,1745,2,previous-scipy,866f83edad8586a42a739094e488f45242b72c95,2026-09-27T12:14:43.204486+00:00,3.632421799993608,4.324560900000506
3d-diagnostic-8x,3,diagnostic,68479,1745,2,current-scipy,9b3a8aa00b752fd70bd92acd6d24f1089288dde5,2026-09-27T12:14:52.017602+00:00,3.961802499994519,4.31919470000139
3d-diagnostic-8x,3,diagnostic,68479,1745,2,current-pymedphys,9b3a8aa00b752fd70bd92acd6d24f1089288dde5,2026-09-27T12:15:01.179311+00:00,0.6323363999981666,1.1026720000081696
3d-diagnostic-8x,3,diagnostic,68479,1745,2,previous-pymedphys,866f83edad8586a42a739094e488f45242b72c95,2026-09-27T12:15:03.818007+00:00,0.9137786000064807,1.4042788999940967
3d-diagnostic-6x,3,diagnostic,68479,293,2,previous-scipy,866f83edad8586a42a739094e488f45242b72c95,2026-09-27T12:15:07.459260+00:00,0.6965361000038683,1.2892786999873351
3d-diagnostic-6x,3,diagnostic,68479,293,2,current-scipy,9b3a8aa00b752fd70bd92acd6d24f1089288dde5,2026-09-27T12:15:10.293095+00:00,0.6852536999940639,1.2646301000058884
3d-diagnostic-6x,3,diagnostic,68479,293,2,current-pymedphys,9b3a8aa00b752fd70bd92acd6d24f1089288dde5,2026-09-27T12:15:13.117500+00:00,0.12559749999491032,0.600275499993586
3d-diagnostic-6x,3,diagnostic,68479,293,2,previous-pymedphys,866f83edad8586a42a739094e488f45242b72c95,2026-09-27T12:15:14.734171+00:00,0.16731579999031965,0.6487914000026649
3d-sabr-1x,3,sabr,11674281,149547,2,previous-scipy,866f83edad8586a42a739094e488f45242b72c95,2026-09-27T12:15:16.836908+00:00,13.731218399989302,14.011528100003488
3d-sabr-1x,3,sabr,11674281,149547,2,current-scipy,9b3a8aa00b752fd70bd92acd6d24f1089288dde5,2026-09-27T12:15:47.135995+00:00,13.180280399988987,13.301765700001852
3d-sabr-1x,3,sabr,11674281,149547,2,current-pymedphys,9b3a8aa00b752fd70bd92acd6d24f1089288dde5,2026-09-27T12:16:16.192280+00:00,2.956477999992785,3.8096969000034733
3d-sabr-1x,3,sabr,11674281,149547,2,previous-pymedphys,866f83edad8586a42a739094e488f45242b72c95,2026-09-27T12:16:25.548333+00:00,3.9280838999984553,4.739032199999201
3d-diagnostic-4x,3,diagnostic,20181,1745,2,previous-scipy,866f83edad8586a42a739094e488f45242b72c95,2026-09-27T12:16:37.808761+00:00,3.930397800009814,4.409744000004139
3d-diagnostic-4x,3,diagnostic,20181,1745,2,current-scipy,9b3a8aa00b752fd70bd92acd6d24f1089288dde5,2026-09-27T12:16:47.000754+00:00,4.241105699999025,4.701523099996848
3d-diagnostic-4x,3,diagnostic,20181,1745,2,current-pymedphys,9b3a8aa00b752fd70bd92acd6d24f1089288dde5,2026-09-27T12:16:56.858892+00:00,0.6345990999980131,1.111186499998439
3d-diagnostic-4x,3,diagnostic,20181,1745,2,previous-pymedphys,866f83edad8586a42a739094e488f45242b72c95,2026-09-27T12:16:59.576579+00:00,0.8936160000012023,1.3487184999976307
3d-global-0.1x,3,global,12844,5496,4,previous-pymedphys,866f83edad8586a42a739094e488f45242b72c95,2026-09-27T12:17:03.080245+00:00,0.28027709999878425,0.749492899994948
3d-global-0.1x,3,global,12844,5496,4,current-pymedphys,9b3a8aa00b752fd70bd92acd6d24f1089288dde5,2026-09-27T12:17:04.934468+00:00,0.2070153999957256,0.6667105999949854
3d-global-0.1x,3,global,12844,5496,4,current-scipy,9b3a8aa00b752fd70bd92acd6d24f1089288dde5,2026-09-27T12:17:06.676067+00:00,1.1924899000005098,1.8366831000021193
3d-global-0.1x,3,global,12844,5496,4,previous-scipy,866f83edad8586a42a739094e488f45242b72c95,2026-09-27T12:17:10.642222+00:00,1.1096293999871705,1.8105262000026414
3d-global-0.3x,3,global,38988,17340,4,previous-pymedphys,866f83edad8586a42a739094e488f45242b72c95,2026-09-27T12:17:14.842169+00:00,0.8951317999890307,1.4035445000045002
3d-global-0.3x,3,global,38988,17340,4,current-pymedphys,9b3a8aa00b752fd70bd92acd6d24f1089288dde5,2026-09-27T12:17:18.050501+00:00,0.6291804000065895,1.1142762999952538
3d-global-0.3x,3,global,38988,17340,4,current-scipy,9b3a8aa00b752fd70bd92acd6d24f1089288dde5,2026-09-27T12:17:20.684256+00:00,3.757292599999346,4.595138400007272
3d-global-0.3x,3,global,38988,17340,4,previous-scipy,866f83edad8586a42a739094e488f45242b72c95,2026-09-27T12:17:29.935885+00:00,4.03237519999675,4.5630558999982895
3d-prostate-nodes-1x,3,prostate-nodes,5210121,245100,2,previous-scipy,866f83edad8586a42a739094e488f45242b72c95,2026-09-27T12:17:39.908949+00:00,23.351938599997084,25.92848899999808
3d-prostate-nodes-1x,3,prostate-nodes,5210121,245100,2,current-scipy,9b3a8aa00b752fd70bd92acd6d24f1089288dde5,2026-09-27T12:18:32.069654+00:00,22.9586818000098,24.868727499997476
3d-prostate-nodes-1x,3,prostate-nodes,5210121,245100,2,current-pymedphys,9b3a8aa00b752fd70bd92acd6d24f1089288dde5,2026-09-27T12:19:23.150576+00:00,4.567458499994245,5.436239799993928
3d-prostate-nodes-1x,3,prostate-nodes,5210121,245100,2,previous-pymedphys,866f83edad8586a42a739094e488f45242b72c95,2026-09-27T12:19:36.475465+00:00,6.0688673999975435,7.161255900005926
3d-diagnostic-1x,3,diagnostic,20181,293,2,previous-scipy,866f83edad8586a42a739094e488f45242b72c95,2026-09-27T12:19:53.632764+00:00,0.011541500003659166,1.1725449000077788
3d-diagnostic-1x,3,diagnostic,20181,293,2,current-scipy,9b3a8aa00b752fd70bd92acd6d24f1089288dde5,2026-09-27T12:19:56.182368+00:00,0.006526600001961924,1.2167085999972187
3d-diagnostic-1x,3,diagnostic,20181,293,2,current-pymedphys,9b3a8aa00b752fd70bd92acd6d24f1089288dde5,2026-09-27T12:19:58.742152+00:00,0.002349400005186908,0.7142355999967549
3d-diagnostic-1x,3,diagnostic,20181,293,2,previous-pymedphys,866f83edad8586a42a739094e488f45242b72c95,2026-09-27T12:20:00.825244+00:00,0.0022766000038245693,0.7030900000099791
3d-diagnostic-3x,3,diagnostic,20181,1745,2,previous-scipy,866f83edad8586a42a739094e488f45242b72c95,2026-09-27T12:20:03.281203+00:00,0.02928409999003634,1.1911222000053385
3d-diagnostic-3x,3,diagnostic,20181,1745,2,current-scipy,9b3a8aa00b752fd70bd92acd6d24f1089288dde5,2026-09-27T12:20:05.760557+00:00,0.02521020000858698,1.0810674999956973
3d-diagnostic-3x,3,diagnostic,20181,1745,2,current-pymedphys,9b3a8aa00b752fd70bd92acd6d24f1089288dde5,2026-09-27T12:20:08.111097+00:00,0.007038799987640232,0.6985925999906613
3d-diagnostic-3x,3,diagnostic,20181,1745,2,previous-pymedphys,866f83edad8586a42a739094e488f45242b72c95,2026-09-27T12:20:10.057450+00:00,0.00913399999262765,0.7147112999955425
3d-global-0.1x,3,global,12844,5496,5,current-pymedphys,9b3a8aa00b752fd70bd92acd6d24f1089288dde5,2026-09-27T12:20:12.495236+00:00,0.19995700000436045,0.9031899999972666
3d-global-0.1x,3,global,12844,5496,5,previous-scipy,866f83edad8586a42a739094e488f45242b72c95,2026-09-27T12:20:14.843263+00:00,1.2165150000073481,2.3377660999976797
3d-global-0.1x,3,global,12844,5496,5,previous-pymedphys,866f83edad8586a42a739094e488f45242b72c95,2026-09-27T12:20:19.662274+00:00,0.2830119999998715,1.0343024999892805
3d-global-0.1x,3,global,12844,5496,5,current-scipy,9b3a8aa00b752fd70bd92acd6d24f1089288dde5,2026-09-27T12:20:22.259240+00:00,1.0400473000045167,2.4289393999933964
3d-global-0.3x,3,global,38988,17340,5,current-pymedphys,9b3a8aa00b752fd70bd92acd6d24f1089288dde5,2026-09-27T12:20:27.643446+00:00,0.6061397999874316,1.4098203999892576
3d-global-0.3x,3,global,38988,17340,5,previous-scipy,866f83edad8586a42a739094e488f45242b72c95,2026-09-27T12:20:31.059608+00:00,3.751422500004992,4.596986499993363
3d-global-0.3x,3,global,38988,17340,5,previous-pymedphys,866f83edad8586a42a739094e488f45242b72c95,2026-09-27T12:20:40.783144+00:00,0.9684069000068121,1.3411837000021478
3d-global-0.3x,3,global,38988,17340,5,current-scipy,9b3a8aa00b752fd70bd92acd6d24f1089288dde5,2026-09-27T12:20:44.145034+00:00,3.2633539000089513,4.672474999999395
3d-global-0.9x,3,global,117975,52711,5,current-pymedphys,9b3a8aa00b752fd70bd92acd6d24f1089288dde5,2026-09-27T12:20:53.564471+00:00,1.6782408999861218,2.4787270999950124
3d-global-0.9x,3,global,117975,52711,5,previous-scipy,866f83edad8586a42a739094e488f45242b72c95,2026-09-27T12:20:59.058560+00:00,9.882151199999498,11.638172199993278
3d-global-0.9x,3,global,117975,52711,5,previous-pymedphys,866f83edad8586a42a739094e488f45242b72c95,2026-09-27T12:21:21.900176+00:00,2.4699378999939654,3.3458562000014354
3d-global-0.9x,3,global,117975,52711,5,current-scipy,9b3a8aa00b752fd70bd92acd6d24f1089288dde5,2026-09-27T12:21:29.048975+00:00,10.507256099997903,10.9248413000023
3d-global-0.0333333x,3,global,4212,1764,5,current-pymedphys,9b3a8aa00b752fd70bd92acd6d24f1089288dde5,2026-09-27T12:21:52.289156+00:00,0.07110549999924842,0.7618010000005597
3d-global-0.0333333x,3,global,4212,1764,5,previous-scipy,866f83edad8586a42a739094e488f45242b72c95,2026-09-27T12:21:54.372451+00:00,0.4269664000021294,1.4853542000055313
3d-global-0.0333333x,3,global,4212,1764,5,previous-pymedphys,866f83edad8586a42a739094e488f45242b72c95,2026-09-27T12:21:57.504247+00:00,0.09776309999870136,0.8115672999992967
3d-global-0.0333333x,3,global,4212,1764,5,current-scipy,9b3a8aa00b752fd70bd92acd6d24f1089288dde5,2026-09-27T12:21:59.621241+00:00,0.40632959999493323,1.4570343000086723
2d-global-1x,2,global,160000,51568,3,current-scipy,9b3a8aa00b752fd70bd92acd6d24f1089288dde5,2026-09-27T12:22:03.221905+00:00,0.385243900003843,1.0798031000012998
2d-global-1x,2,global,160000,51568,3,previous-pymedphys,866f83edad8586a42a739094e488f45242b72c95,2026-09-27T12:22:05.895474+00:00,0.27699070000380743,0.7453071000054479
2d-global-1x,2,global,160000,51568,3,previous-scipy,866f83edad8586a42a739094e488f45242b72c95,2026-09-27T12:22:07.755589+00:00,0.4025057000108063,0.9855062999995425
2d-global-1x,2,global,160000,51568,3,current-pymedphys,9b3a8aa00b752fd70bd92acd6d24f1089288dde5,2026-09-27T12:22:10.000133+00:00,0.2226824000099441,0.7140896999917459
3d-diagnostic-7x,3,diagnostic,68479,1745,3,current-scipy,9b3a8aa00b752fd70bd92acd6d24f1089288dde5,2026-09-27T12:22:12.250062+00:00,0.028091000000131316,0.5915627000067616
3d-diagnostic-7x,3,diagnostic,68479,1745,3,previous-pymedphys,866f83edad8586a42a739094e488f45242b72c95,2026-09-27T12:22:13.752780+00:00,0.011970499996095896,0.49224219999450725
3d-diagnostic-7x,3,diagnostic,68479,1745,3,previous-scipy,866f83edad8586a42a739094e488f45242b72c95,2026-09-27T12:22:15.147324+00:00,0.029490000000805594,0.6165779000002658
3d-diagnostic-7x,3,diagnostic,68479,1745,3,current-pymedphys,9b3a8aa00b752fd70bd92acd6d24f1089288dde5,2026-09-27T12:22:16.650205+00:00,0.010120699997060001,0.5085051000060048
3d-diagnostic-2x,3,diagnostic,20181,293,3,current-scipy,9b3a8aa00b752fd70bd92acd6d24f1089288dde5,2026-09-27T12:22:18.423502+00:00,0.6614618000021437,1.2055523000017274
3d-diagnostic-2x,3,diagnostic,20181,293,3,previous-pymedphys,866f83edad8586a42a739094e488f45242b72c95,2026-09-27T12:22:21.174186+00:00,0.16998080001212656,0.6660181999905035
3d-diagnostic-2x,3,diagnostic,20181,293,3,previous-scipy,866f83edad8586a42a739094e488f45242b72c95,2026-09-27T12:22:22.885473+00:00,0.6938498999952571,1.2604774000064936
3d-diagnostic-2x,3,diagnostic,20181,293,3,current-pymedphys,9b3a8aa00b752fd70bd92acd6d24f1089288dde5,2026-09-27T12:22:25.716927+00:00,0.11843770000268705,0.6639353999926243
3d-diagnostic-3x,3,diagnostic,20181,1745,3,current-scipy,9b3a8aa00b752fd70bd92acd6d24f1089288dde5,2026-09-27T12:22:27.800322+00:00,0.02750140000716783,0.6132827999972505
3d-diagnostic-3x,3,diagnostic,20181,1745,3,previous-pymedphys,866f83edad8586a42a739094e488f45242b72c95,2026-09-27T12:22:29.333496+00:00,0.01091430000087712,0.511763799993787
3d-diagnostic-3x,3,diagnostic,20181,1745,3,previous-scipy,866f83edad8586a42a739094e488f45242b72c95,2026-09-27T12:22:30.764466+00:00,0.02597020000393968,0.6206776999897556
3d-diagnostic-3x,3,diagnostic,20181,1745,3,current-pymedphys,9b3a8aa00b752fd70bd92acd6d24f1089288dde5,2026-09-27T12:22:32.325200+00:00,0.007046700004138984,0.5365837999997893
2d-global-0.333333x,2,global,53361,17051,3,current-scipy,9b3a8aa00b752fd70bd92acd6d24f1089288dde5,2026-09-27T12:22:34.200208+00:00,0.1240306999970926,0.6736776000034297
2d-global-0.333333x,2,global,53361,17051,3,previous-pymedphys,866f83edad8586a42a739094e488f45242b72c95,2026-09-27T12:22:35.850174+00:00,0.09085310000227764,0.572878100007074
2d-global-0.333333x,2,global,53361,17051,3,previous-scipy,866f83edad8586a42a739094e488f45242b72c95,2026-09-27T12:22:37.391787+00:00,0.12351709998620208,0.6838647999975365
2d-global-0.333333x,2,global,53361,17051,3,current-pymedphys,9b3a8aa00b752fd70bd92acd6d24f1089288dde5,2026-09-27T12:22:39.091871+00:00,0.07245950000651646,0.5517612000112422
3d-global-0.3x,3,global,38988,17340,6,previous-scipy,866f83edad8586a42a739094e488f45242b72c95,2026-09-27T12:22:41.016823+00:00,3.445025299995905,4.39230160000443
3d-global-0.3x,3,global,38988,17340,6,current-scipy,9b3a8aa00b752fd70bd92acd6d24f1089288dde5,2026-09-27T12:22:49.800354+00:00,3.4990382000105456,4.1335793000034755
3d-global-0.3x,3,global,38988,17340,6,current-pymedphys,9b3a8aa00b752fd70bd92acd6d24f1089288dde5,2026-09-27T12:22:58.375261+00:00,0.6212196000124095,1.1151931999920635
3d-global-0.3x,3,global,38988,17340,6,previous-pymedphys,866f83edad8586a42a739094e488f45242b72c95,2026-09-27T12:23:01.017463+00:00,0.9133817999972962,1.4105582000047434
3d-prostate-nodes-1x,3,prostate-nodes,5210121,245100,3,current-scipy,9b3a8aa00b752fd70bd92acd6d24f1089288dde5,2026-09-27T12:23:04.650235+00:00,23.42131530000188,23.089048800000455
3d-prostate-nodes-1x,3,prostate-nodes,5210121,245100,3,previous-pymedphys,866f83edad8586a42a739094e488f45242b72c95,2026-09-27T12:23:54.050024+00:00,6.13877419999335,6.842319599993061
3d-prostate-nodes-1x,3,prostate-nodes,5210121,245100,3,previous-scipy,866f83edad8586a42a739094e488f45242b72c95,2026-09-27T12:24:09.850941+00:00,22.80956399999559,24.20771890001197
3d-prostate-nodes-1x,3,prostate-nodes,5210121,245100,3,current-pymedphys,9b3a8aa00b752fd70bd92acd6d24f1089288dde5,2026-09-27T12:24:59.731103+00:00,4.425313800005824,4.881825000004028
3d-diagnostic-6x,3,diagnostic,68479,293,3,current-scipy,9b3a8aa00b752fd70bd92acd6d24f1089288dde5,2026-09-27T12:25:12.549787+00:00,0.6767331000010017,1.2458347999927355
3d-diagnostic-6x,3,diagnostic,68479,293,3,previous-pymedphys,866f83edad8586a42a739094e488f45242b72c95,2026-09-27T12:25:15.333861+00:00,0.16252299999177922,0.6466605000023264
3d-diagnostic-6x,3,diagnostic,68479,293,3,previous-scipy,866f83edad8586a42a739094e488f45242b72c95,2026-09-27T12:25:17.005251+00:00,0.6589433000044664,1.2323094000021229
3d-diagnostic-6x,3,diagnostic,68479,293,3,current-pymedphys,9b3a8aa00b752fd70bd92acd6d24f1089288dde5,2026-09-27T12:25:19.739617+00:00,0.13112099999852944,0.6266112000012072
3d-diagnostic-4x,3,diagnostic,20181,1745,3,current-scipy,9b3a8aa00b752fd70bd92acd6d24f1089288dde5,2026-09-27T12:25:21.847975+00:00,3.4841099999903236,4.687633900000947
3d-diagnostic-4x,3,diagnostic,20181,1745,3,previous-pymedphys,866f83edad8586a42a739094e488f45242b72c95,2026-09-27T12:25:30.944667+00:00,0.871677200004342,1.3390401999931782
3d-diagnostic-4x,3,diagnostic,20181,1745,3,previous-scipy,866f83edad8586a42a739094e488f45242b72c95,2026-09-27T12:25:34.024241+00:00,3.574562000008882,4.44846129999496
3d-diagnostic-4x,3,diagnostic,20181,1745,3,current-pymedphys,9b3a8aa00b752fd70bd92acd6d24f1089288dde5,2026-09-27T12:25:42.991531+00:00,0.6084170000103768,1.0574232999933884
3d-global-0.1x,3,global,12844,5496,6,previous-scipy,866f83edad8586a42a739094e488f45242b72c95,2026-09-27T12:25:45.901424+00:00,1.1528592000104254,1.9082656000100542
3d-global-0.1x,3,global,12844,5496,6,current-scipy,9b3a8aa00b752fd70bd92acd6d24f1089288dde5,2026-09-27T12:25:49.829473+00:00,1.1373091999994358,1.8186624999943888
3d-global-0.1x,3,global,12844,5496,6,current-pymedphys,9b3a8aa00b752fd70bd92acd6d24f1089288dde5,2026-09-27T12:25:53.721663+00:00,0.20755799999460578,0.6834321000060299
3d-global-0.1x,3,global,12844,5496,6,previous-pymedphys,866f83edad8586a42a739094e488f45242b72c95,2026-09-27T12:25:55.479638+00:00,0.2801072999864118,0.7730793999944581
3d-global-0.9x,3,global,117975,52711,6,previous-scipy,866f83edad8586a42a739094e488f45242b72c95,2026-09-27T12:25:57.798942+00:00,10.248099299991736,11.098107300000265
3d-global-0.9x,3,global,117975,52711,6,current-scipy,9b3a8aa00b752fd70bd92acd6d24f1089288dde5,2026-09-27T12:26:20.037551+00:00,10.57627930000308,10.817187699998613
3d-global-0.9x,3,global,117975,52711,6,current-pymedphys,9b3a8aa00b752fd70bd92acd6d24f1089288dde5,2026-09-27T12:26:42.333049+00:00,1.7265108999999939,2.5579775999940466
3d-global-0.9x,3,global,117975,52711,6,previous-pymedphys,866f83edad8586a42a739094e488f45242b72c95,2026-09-27T12:26:47.958197+00:00,2.4715124999929685,3.364436999996542
3d-diagnostic-8x,3,diagnostic,68479,1745,3,current-scipy,9b3a8aa00b752fd70bd92acd6d24f1089288dde5,2026-09-27T12:26:55.616539+00:00,3.577734899998177,4.748312600000645
3d-diagnostic-8x,3,diagnostic,68479,1745,3,previous-pymedphys,866f83edad8586a42a739094e488f45242b72c95,2026-09-27T12:27:05.252465+00:00,0.8249653999955626,1.6342957000015303
3d-diagnostic-8x,3,diagnostic,68479,1745,3,previous-scipy,866f83edad8586a42a739094e488f45242b72c95,2026-09-27T12:27:09.045762+00:00,3.709826999998768,5.032111699998495
3d-diagnostic-8x,3,diagnostic,68479,1745,3,current-pymedphys,9b3a8aa00b752fd70bd92acd6d24f1089288dde5,2026-09-27T12:27:19.148690+00:00,0.6220808000070974,1.3252370999980485
3d-global-0.0333333x,3,global,4212,1764,6,previous-scipy,866f83edad8586a42a739094e488f45242b72c95,2026-09-27T12:27:22.813657+00:00,0.4229959000076633,1.4519157000031555
3d-global-0.0333333x,3,global,4212,1764,6,current-scipy,9b3a8aa00b752fd70bd92acd6d24f1089288dde5,2026-09-27T12:27:25.877805+00:00,0.3976072999939788,1.4482068000070285
3d-global-0.0333333x,3,global,4212,1764,6,current-pymedphys,9b3a8aa00b752fd70bd92acd6d24f1089288dde5,2026-09-27T12:27:28.967035+00:00,0.06885209999745712,0.7629952999996021
3d-global-0.0333333x,3,global,4212,1764,6,previous-pymedphys,866f83edad8586a42a739094e488f45242b72c95,2026-09-27T12:27:31.030033+00:00,0.0969626000005519,0.787635999993654
3d-diagnostic-1x,3,diagnostic,20181,293,3,current-scipy,9b3a8aa00b752fd70bd92acd6d24f1089288dde5,2026-09-27T12:27:33.595265+00:00,0.005572699999902397,1.0401487000053748
3d-diagnostic-1x,3,diagnostic,20181,293,3,previous-pymedphys,866f83edad8586a42a739094e488f45242b72c95,2026-09-27T12:27:35.891098+00:00,0.0029959000094095245,0.725312299997313
3d-diagnostic-1x,3,diagnostic,20181,293,3,previous-scipy,866f83edad8586a42a739094e488f45242b72c95,2026-09-27T12:27:37.877464+00:00,0.005871000001206994,1.0684754999965662
3d-diagnostic-1x,3,diagnostic,20181,293,3,current-pymedphys,9b3a8aa00b752fd70bd92acd6d24f1089288dde5,2026-09-27T12:27:40.199666+00:00,0.002095999996527098,0.729715399997076
2d-global-0.111111x,2,global,17689,5665,3,current-scipy,9b3a8aa00b752fd70bd92acd6d24f1089288dde5,2026-09-27T12:27:42.709808+00:00,0.03910790001100395,1.0937167000083718
2d-global-0.111111x,2,global,17689,5665,3,previous-pymedphys,866f83edad8586a42a739094e488f45242b72c95,2026-09-27T12:27:45.098256+00:00,0.024024400001508184,0.776012999995146
2d-global-0.111111x,2,global,17689,5665,3,previous-scipy,866f83edad8586a42a739094e488f45242b72c95,2026-09-27T12:27:47.104796+00:00,0.03911850000440609,1.0974037000123644
2d-global-0.111111x,2,global,17689,5665,3,current-pymedphys,9b3a8aa00b752fd70bd92acd6d24f1089288dde5,2026-09-27T12:27:49.466313+00:00,0.02221569999528583,0.7214471000042977
3d-sabr-1x,3,sabr,11674281,149547,3,current-scipy,9b3a8aa00b752fd70bd92acd6d24f1089288dde5,2026-09-27T12:27:51.959237+00:00,13.025774699999602,14.485677500008023
3d-sabr-1x,3,sabr,11674281,149547,3,previous-pymedphys,866f83edad8586a42a739094e488f45242b72c95,2026-09-27T12:28:22.374605+00:00,4.0732818999968,4.92690480001329
3d-sabr-1x,3,sabr,11674281,149547,3,previous-scipy,866f83edad8586a42a739094e488f45242b72c95,2026-09-27T12:28:34.307880+00:00,12.427975699989474,13.241970000002766
3d-sabr-1x,3,sabr,11674281,149547,3,current-pymedphys,9b3a8aa00b752fd70bd92acd6d24f1089288dde5,2026-09-27T12:29:02.949513+00:00,3.1034672999958275,4.004234100008034
3d-diagnostic-5x,3,diagnostic,68479,293,3,current-scipy,9b3a8aa00b752fd70bd92acd6d24f1089288dde5,2026-09-27T12:29:14.260887+00:00,0.007524899992858991,1.1058712000085507
3d-diagnostic-5x,3,diagnostic,68479,293,3,previous-pymedphys,866f83edad8586a42a739094e488f45242b72c95,2026-09-27T12:29:16.654485+00:00,0.0051448000012896955,0.7446032000007108
3d-diagnostic-5x,3,diagnostic,68479,293,3,previous-scipy,866f83edad8586a42a739094e488f45242b72c95,2026-09-27T12:29:18.699426+00:00,0.0074357999983476475,1.1179689999989932
3d-diagnostic-5x,3,diagnostic,68479,293,3,current-pymedphys,9b3a8aa00b752fd70bd92acd6d24f1089288dde5,2026-09-27T12:29:21.052252+00:00,0.00393659999826923,0.7429850000044098
3d-global-0.3x,3,global,38988,17340,7,current-scipy,9b3a8aa00b752fd70bd92acd6d24f1089288dde5,2026-09-27T12:29:23.548946+00:00,3.4211719000013545,4.825080599999637
3d-global-0.3x,3,global,38988,17340,7,previous-pymedphys,866f83edad8586a42a739094e488f45242b72c95,2026-09-27T12:29:33.030656+00:00,0.8518564999976661,1.62788709999586
3d-global-0.3x,3,global,38988,17340,7,previous-scipy,866f83edad8586a42a739094e488f45242b72c95,2026-09-27T12:29:36.807366+00:00,3.69115270000475,4.731828000003588
3d-global-0.3x,3,global,38988,17340,7,current-pymedphys,9b3a8aa00b752fd70bd92acd6d24f1089288dde5,2026-09-27T12:29:46.552287+00:00,0.6263182999973651,1.3322830000106478
3d-global-0.0333333x,3,global,4212,1764,7,current-scipy,9b3a8aa00b752fd70bd92acd6d24f1089288dde5,2026-09-27T12:29:50.337678+00:00,0.43293070000072476,1.5125849000032758
3d-global-0.0333333x,3,global,4212,1764,7,previous-pymedphys,866f83edad8586a42a739094e488f45242b72c95,2026-09-27T12:29:53.563566+00:00,0.0982188999914797,0.7917346999893198
3d-global-0.0333333x,3,global,4212,1764,7,previous-scipy,866f83edad8586a42a739094e488f45242b72c95,2026-09-27T12:29:55.664615+00:00,0.3965161999949487,1.4627480000053765
3d-global-0.0333333x,3,global,4212,1764,7,current-pymedphys,9b3a8aa00b752fd70bd92acd6d24f1089288dde5,2026-09-27T12:29:58.737072+00:00,0.06949579999491107,0.7905911999987438
3d-global-0.1x,3,global,12844,5496,7,current-scipy,9b3a8aa00b752fd70bd92acd6d24f1089288dde5,2026-09-27T12:30:01.345866+00:00,1.158778799988795,2.272826600004919
3d-global-0.1x,3,global,12844,5496,7,previous-pymedphys,866f83edad8586a42a739094e488f45242b72c95,2026-09-27T12:30:06.065831+00:00,0.2816305000014836,0.9971781999920495
3d-global-0.1x,3,global,12844,5496,7,previous-scipy,866f83edad8586a42a739094e488f45242b72c95,2026-09-27T12:30:08.562596+00:00,1.2352406999998493,2.294977799989283
3d-global-0.1x,3,global,12844,5496,7,current-pymedphys,9b3a8aa00b752fd70bd92acd6d24f1089288dde5,2026-09-27T12:30:13.344211+00:00,0.20644539999193512,0.9066495000006398
3d-global-0.9x,3,global,117975,52711,7,current-scipy,9b3a8aa00b752fd70bd92acd6d24f1089288dde5,2026-09-27T12:30:16.209164+00:00,10.053290899988497,10.697442299991962
3d-global-0.9x,3,global,117975,52711,7,previous-pymedphys,866f83edad8586a42a739094e488f45242b72c95,2026-09-27T12:30:38.233455+00:00,2.4082804000063334,3.1549255999998422
3d-global-0.9x,3,global,117975,52711,7,previous-scipy,866f83edad8586a42a739094e488f45242b72c95,2026-09-27T12:30:45.075483+00:00,10.915822099996149,10.642348199995467
3d-global-0.9x,3,global,117975,52711,7,current-pymedphys,9b3a8aa00b752fd70bd92acd6d24f1089288dde5,2026-09-27T12:31:07.533823+00:00,1.6306422000052407,2.3317161000013584
