source,audience,purpose,status,authoritative_source,inbound_source_links,destination,update_trigger
contrib/architecture/feature-anatomy.md,contributors,Trace a feature from interface to evidence,current guide,Current implementation and CONTRIBUTING; agent mandates in AGENTS,contrib/architecture/index.md; contrib/guides/make-a-change.md; contrib/info/file-structure.rst,contrib/architecture/feature-anatomy.html,"Implementation, parser, markers, build or contributor policy"
contrib/architecture/index.md,contributors,Architecture and repository map,current guide,Current implementation and CONTRIBUTING; agent mandates in AGENTS,contrib/architecture/feature-anatomy.md; contrib/dive/index.md; contrib/guide.md; contrib/guides/index.md; contrib/guides/make-a-change.md; contrib/info/file-structure.rst; contrib/info/index.md; contrib/start/setup.md; project/reference-coverage.md,contrib/architecture/index.html,"Implementation, parser, markers, build or contributor policy"
contrib/design/deidentification/contributing.md,DICOM contributors,Contributing to DICOM de-identification,planned programme and current coverage,Programme decisions and requirements register,contrib/design/deidentification/index.md; contrib/design/deidentification/requirements.md; contrib/guides/dev-reference.rst; contrib/info/deidentification-design.md; project/reference-coverage.md,contrib/design/deidentification/contributing.html,"Standard edition, decision, requirement or milestone"
contrib/design/deidentification/decisions.md,DICOM contributors,DICOM de-identification decisions,planned programme and current coverage,Programme decisions and requirements register,contrib/design/deidentification/contributing.md; contrib/design/deidentification/index.md; contrib/design/deidentification/requirements.md; contrib/design/deidentification/specification.md; contrib/info/deidentification-design.md,contrib/design/deidentification/decisions.html,"Standard edition, decision, requirement or milestone"
contrib/design/deidentification/index.md,DICOM contributors,DICOM de-identification design,planned programme and current coverage,Programme decisions and requirements register,contrib/architecture/feature-anatomy.md; contrib/architecture/index.md; contrib/design/deidentification/contributing.md; contrib/design/deidentification/specification.md; contrib/design/index.md; contrib/info/deidentification-design.md; contrib/maintainers/ci.md; project/reference-coverage.md,contrib/design/deidentification/index.html,"Standard edition, decision, requirement or milestone"
contrib/design/deidentification/requirements.md,DICOM contributors,DICOM de-identification requirements and evidence,planned programme and current coverage,Programme decisions and requirements register,contrib/design/deidentification/contributing.md; contrib/design/deidentification/decisions.md; contrib/design/deidentification/index.md; contrib/evidence/index.md; contrib/guides/dev-reference.rst; contrib/info/deidentification-design.md; contrib/maintainers/release.md; project/reference-coverage.md,contrib/design/deidentification/requirements.html,"Standard edition, decision, requirement or milestone"
contrib/design/deidentification/specification.md,DICOM contributors,DICOM de-identification specification,planned programme and current coverage,Programme decisions and requirements register,contrib/design/deidentification/contributing.md; contrib/design/deidentification/decisions.md; contrib/design/deidentification/index.md; contrib/info/deidentification-design.md,contrib/design/deidentification/specification.html,"Standard edition, decision, requirement or milestone"
contrib/design/index.md,DICOM contributors,Design documents,planned programme and current coverage,Programme decisions and requirements register,contrib/dive/index.md; contrib/guide.md; contrib/guides/authoring.md; contrib/guides/make-a-change.md; contrib/info/index.md; contrib/maintainers/project.md; contrib/maintainers/review.md; project/reference-coverage.md,contrib/design/index.html,"Standard edition, decision, requirement or milestone"
contrib/dive/create-streamlit-exe.md,historical readers,Creating a Streamlit Executable #,historical,Original deployment/article conditions,contrib/dive/index.md; project/history.md,contrib/dive/create-streamlit-exe.html,Supported replacement or clarified historical scope
contrib/dive/index.md,contributors,Deep Dive #,compatibility page,Current implementation and CONTRIBUTING; agent mandates in AGENTS,,contrib/guide.html,"Implementation, parser, markers, build or contributor policy"
contrib/dive/why-open-source.rst,contributors,Why Open Source? #,current guide,Current implementation and CONTRIBUTING; agent mandates in AGENTS,contrib/dive/index.md; project/history.md,contrib/dive/why-open-source.html,"Implementation, parser, markers, build or contributor policy"
contrib/evidence/gamma.md,scientific contributors,Gamma performance evidence,recorded evidence,"Named revision, method and artefact bundle",contrib/evidence/index.md,contrib/evidence/gamma.html,New result or reproduction record
contrib/evidence/index.md,scientific contributors,Scientific evidence,recorded evidence,"Named revision, method and artefact bundle",contrib/architecture/feature-anatomy.md; contrib/design/index.md; contrib/guide.md; contrib/guides/authoring.md; contrib/info/index.md; contrib/validation/index.md; contrib/validation/scientific.md; project/community.md; project/history.md,contrib/evidence/index.html,New result or reproduction record
contrib/guide.md,contributors,Developer guide,current guide,Current implementation and CONTRIBUTING; agent mandates in AGENTS,contrib/guides/authoring.md; contrib/info/index.md; index.rst; overview.rst; project/index.md,contrib/guide.html,"Implementation, parser, markers, build or contributor policy"
contrib/guides/authoring.md,contributors,Author documentation,current guide,Current implementation and CONTRIBUTING; agent mandates in AGENTS,contrib/guide.md; contrib/guides/index.md; contrib/guides/make-a-change.md; contrib/info/docs-guide.rst; contrib/info/index.md; contrib/maintainers/publishing.md; contrib/start/first-contribution.md; contrib/tips/index.rst; project/reference-coverage.md,contrib/guides/authoring.html,"Implementation, parser, markers, build or contributor policy"
contrib/guides/dev-reference.rst,contributors,Developer command reference,current guide,Current implementation and CONTRIBUTING; agent mandates in AGENTS,contrib/guides/authoring.md; contrib/guides/index.md; project/reference-coverage.md,contrib/guides/dev-reference.html,"Implementation, parser, markers, build or contributor policy"
contrib/guides/index.md,contributors,Development how-tos,current guide,Current implementation and CONTRIBUTING; agent mandates in AGENTS,contrib/start/index.md,contrib/guides/index.html,"Implementation, parser, markers, build or contributor policy"
contrib/guides/make-a-change.md,contributors,Make a change,current guide,Current implementation and CONTRIBUTING; agent mandates in AGENTS,contrib/architecture/feature-anatomy.md; contrib/architecture/index.md; contrib/guide.md; contrib/guides/dev-reference.rst; contrib/guides/index.md; contrib/info/file-structure.rst; contrib/maintainers/pr-checks.md; project/reference-coverage.md,contrib/guides/make-a-change.html,"Implementation, parser, markers, build or contributor policy"
contrib/index.md,contributors,Contributing to PyMedPhys #,generated from canonical source,CONTRIBUTING.md,contrib/info/index.md; contrib/maintainers/index.md; contrib/maintainers/project.md; contrib/maintainers/review.md; index.rst; overview.rst; project/community.md; project/compatibility.md,contrib/index.html,"Implementation, parser, markers, build or contributor policy"
contrib/info/deidentification-design.md,DICOM contributors,DICOM de-identification design #,compatibility page,Programme decisions and requirements register,contrib/info/index.md; contrib/info/workflows.md; contrib/validation/data.md; contrib/validation/scientific.md; users/background/dicom-deidentification.md; users/tasks/dicom.md,contrib/design/deidentification/index.html,"Standard edition, decision, requirement or milestone"
contrib/info/deidentification-requirements.md,DICOM contributors,DICOM de-identification requirements-to-tests matrix #,generated from canonical source,lib/pymedphys/_dicom/deidentify/requirements.toml,contrib/info/deidentification-design.md; contrib/info/index.md,contrib/info/deidentification-requirements.html,"Standard edition, decision, requirement or milestone"
contrib/info/dependency-update-prs.md,maintainers,Reviewing automated dependency update PRs #,current procedure,"Workflow files, settings and CONTRIBUTING",contrib/info/index.md; contrib/maintainers/dependencies.md,contrib/info/dependency-update-prs.html,"Workflow, service settings or release procedure"
contrib/info/dicom-coordinate-validation.md,scientific contributors,DICOM coordinate validation #,recorded evidence,"Named revision, method and artefact bundle",contrib/evidence/index.md; contrib/info/dicom-coordinates-illustrated.ipynb; contrib/info/gamma-performance.ipynb; contrib/info/index.md; contrib/validation/data.md; contrib/validation/scientific.md; users/tasks/dicom.md,contrib/info/dicom-coordinate-validation.html,New result or reproduction record
contrib/info/dicom-coordinates-illustrated.ipynb,contributors,"DICOM coordinates and gamma, illustrated #",current guide,Current implementation and CONTRIBUTING; agent mandates in AGENTS,contrib/evidence/gamma.md; contrib/evidence/index.md; contrib/info/dicom-coordinate-validation.md; contrib/info/gamma-performance.ipynb; contrib/info/index.md; contrib/validation/scientific.md; users/tasks/dicom.md,contrib/info/dicom-coordinates-illustrated.html,"Implementation, parser, markers, build or contributor policy"
contrib/info/docs-guide.rst,contributors,Documentation Guide #,current guide,Current implementation and CONTRIBUTING; agent mandates in AGENTS,contrib/evidence/gamma.md; contrib/guides/authoring.md; contrib/guides/dev-reference.rst; contrib/guides/index.md; contrib/info/index.md; contrib/setups/setup-linux.rst; contrib/setups/setup-mac.rst; contrib/setups/setup-win.rst,contrib/info/docs-guide.html,"Implementation, parser, markers, build or contributor policy"
contrib/info/file-structure.rst,contributors,Repository File Structure #,current guide,Current implementation and CONTRIBUTING; agent mandates in AGENTS,contrib/architecture/index.md; contrib/info/index.md,contrib/info/file-structure.html,"Implementation, parser, markers, build or contributor policy"
contrib/info/gamma-benchmark.md,scientific contributors,Compare gamma performance across PyMedPhys versions #,recorded evidence,"Named revision, method and artefact bundle",contrib/evidence/gamma.md; contrib/info/gamma-performance-study.md; contrib/info/index.md; users/tasks/compare.md,contrib/info/gamma-benchmark.html,New result or reproduction record
contrib/info/gamma-performance-study.md,scientific contributors,Gamma performance: a two-hour workstation audit #,recorded evidence,"Named revision, method and artefact bundle",contrib/evidence/gamma.md; contrib/info/dicom-coordinate-validation.md; contrib/info/dicom-coordinates-illustrated.ipynb; contrib/info/gamma-benchmark.md; contrib/info/gamma-performance.ipynb; contrib/info/gamma-scaling-workstation/index.md; contrib/info/gamma-uncertainty-workstation/index.md; contrib/info/index.md,contrib/info/gamma-performance-study.html,New result or reproduction record
contrib/info/gamma-performance.ipynb,scientific contributors,Faster gamma calculations: a reproducible benchmark #,recorded evidence,"Named revision, method and artefact bundle",contrib/evidence/gamma.md; contrib/info/dicom-coordinate-validation.md; contrib/info/dicom-coordinates-illustrated.ipynb; contrib/info/gamma-benchmark.md; contrib/info/gamma-performance-study.md; contrib/info/index.md; users/howto/gamma/index.rst,contrib/info/gamma-performance.html,New result or reproduction record
contrib/info/gamma-scaling-workstation/index.md,scientific contributors,Gamma scaling: recorded workstation evidence #,recorded evidence,"Named revision, method and artefact bundle",contrib/evidence/gamma.md; contrib/info/dicom-coordinates-illustrated.ipynb; contrib/info/gamma-benchmark.md; contrib/info/gamma-performance-study.md; contrib/info/gamma-performance.ipynb; contrib/info/gamma-uncertainty-workstation/index.md; contrib/info/index.md,contrib/info/gamma-scaling-workstation/index.html,New result or reproduction record
contrib/info/gamma-uncertainty-workstation/index.md,scientific contributors,Gamma performance: a completed workstation audit #,recorded evidence,"Named revision, method and artefact bundle",contrib/evidence/gamma.md; contrib/info/gamma-benchmark.md; contrib/info/gamma-performance-study.md; contrib/info/gamma-scaling-workstation/index.md; contrib/info/index.md,contrib/info/gamma-uncertainty-workstation/index.html,New result or reproduction record
contrib/info/index.md,contributors,Repository Information #,compatibility page,Current implementation and CONTRIBUTING; agent mandates in AGENTS,index.rst,contrib/guide.html,"Implementation, parser, markers, build or contributor policy"
contrib/info/lazy-imports.md,contributors,Lazy imports and optional dependencies #,current guide,Current implementation and CONTRIBUTING; agent mandates in AGENTS,contrib/architecture/index.md; contrib/guides/dev-reference.rst; contrib/guides/make-a-change.md; contrib/info/index.md; project/reference-coverage.md; users/get-started/installation-options.md,contrib/info/lazy-imports.html,"Implementation, parser, markers, build or contributor policy"
contrib/info/release-guide.md,maintainers,pymedphys Release Procedure #,current procedure,"Workflow files, settings and CONTRIBUTING",contrib/design/deidentification/requirements.md; contrib/info/index.md; contrib/info/workflows.md; contrib/maintainers/ci.md; contrib/maintainers/recovery.md; contrib/maintainers/release.md,contrib/info/release-guide.html,"Workflow, service settings or release procedure"
contrib/info/workflows.md,maintainers,PyMedPhys CI/CD Workflows #,compatibility page,"Workflow files, settings and CONTRIBUTING",contrib/design/deidentification/decisions.md; contrib/dive/create-streamlit-exe.md; contrib/info/deidentification-design.md; contrib/info/docs-guide.rst; contrib/info/file-structure.rst; contrib/info/index.md; contrib/info/release-guide.md; contrib/setups/setup-linux.rst; contrib/setups/setup-mac.rst; contrib/setups/setup-win.rst,contrib/maintainers/index.html,"Workflow, service settings or release procedure"
contrib/maintainers/ci.md,maintainers,Maintain continuous integration,current procedure,"Workflow files, settings and CONTRIBUTING",contrib/design/deidentification/contributing.md; contrib/info/workflows.md; contrib/maintainers/dependencies.md; contrib/maintainers/index.md; contrib/maintainers/pr-checks.md; contrib/maintainers/release.md; contrib/validation/testing.md; project/reference-coverage.md,contrib/maintainers/ci.html,"Workflow, service settings or release procedure"
contrib/maintainers/dependencies.md,maintainers,Review dependency updates,current procedure,"Workflow files, settings and CONTRIBUTING",contrib/architecture/index.md; contrib/guides/make-a-change.md; contrib/maintainers/index.md,contrib/maintainers/dependencies.html,"Workflow, service settings or release procedure"
contrib/maintainers/index.md,maintainers,Maintainer handbook,current procedure,"Workflow files, settings and CONTRIBUTING",contrib/guide.md; contrib/info/index.md,contrib/maintainers/index.html,"Workflow, service settings or release procedure"
contrib/maintainers/pr-checks.md,maintainers,Understand PR checks,current procedure,"Workflow files, settings and CONTRIBUTING",contrib/info/workflows.md; contrib/maintainers/ci.md; contrib/maintainers/index.md; contrib/maintainers/release.md; contrib/maintainers/review.md; contrib/validation/data.md; contrib/validation/testing.md,contrib/maintainers/pr-checks.html,"Workflow, service settings or release procedure"
contrib/maintainers/project.md,maintainers,Maintain the project,current procedure,"Workflow files, settings and CONTRIBUTING",contrib/guides/dev-reference.rst; contrib/maintainers/index.md; project/community.md,contrib/maintainers/project.html,"Workflow, service settings or release procedure"
contrib/maintainers/publishing.md,maintainers,Publish documentation,current procedure,"Workflow files, settings and CONTRIBUTING",contrib/info/workflows.md; contrib/maintainers/ci.md; contrib/maintainers/index.md; contrib/maintainers/pr-checks.md; project/history.md; project/reference-coverage.md,contrib/maintainers/publishing.html,"Workflow, service settings or release procedure"
contrib/maintainers/recovery.md,maintainers,Recover a release,current procedure,"Workflow files, settings and CONTRIBUTING",contrib/architecture/index.md; contrib/info/release-guide.md; contrib/maintainers/index.md; contrib/maintainers/release.md,contrib/maintainers/recovery.html,"Workflow, service settings or release procedure"
contrib/maintainers/release.md,maintainers,Release PyMedPhys,current procedure,"Workflow files, settings and CONTRIBUTING",contrib/architecture/index.md; contrib/design/deidentification/contributing.md; contrib/maintainers/ci.md; contrib/maintainers/index.md; contrib/maintainers/publishing.md; contrib/validation/testing.md; project/compatibility.md,contrib/maintainers/release.html,"Workflow, service settings or release procedure"
contrib/maintainers/review.md,maintainers,Review and merge,current procedure,"Workflow files, settings and CONTRIBUTING",contrib/maintainers/index.md; contrib/start/first-contribution.md,contrib/maintainers/review.html,"Workflow, service settings or release procedure"
contrib/setups/index.rst,contributors,Workstation Setup Guides #,current guide,Current implementation and CONTRIBUTING; agent mandates in AGENTS,contrib/info/gamma-benchmark.md; contrib/info/release-guide.md; contrib/start/index.md; contrib/tips/add-jupyter-kernel.rst; index.rst,contrib/setups/index.html,"Implementation, parser, markers, build or contributor policy"
contrib/setups/setup-linux.rst,contributors,Linux Setup #,current guide,Current implementation and CONTRIBUTING; agent mandates in AGENTS,contrib/info/docs-guide.rst; contrib/setups/index.rst; contrib/start/setup.md,contrib/setups/setup-linux.html,"Implementation, parser, markers, build or contributor policy"
contrib/setups/setup-mac.rst,contributors,macOS Setup #,current guide,Current implementation and CONTRIBUTING; agent mandates in AGENTS,contrib/info/docs-guide.rst; contrib/setups/index.rst; contrib/start/setup.md,contrib/setups/setup-mac.html,"Implementation, parser, markers, build or contributor policy"
contrib/setups/setup-win.rst,contributors,Windows Setup #,current guide,Current implementation and CONTRIBUTING; agent mandates in AGENTS,contrib/info/docs-guide.rst; contrib/setups/index.rst; contrib/start/setup.md,contrib/setups/setup-win.html,"Implementation, parser, markers, build or contributor policy"
contrib/start/first-contribution.md,contributors,Make your first contribution,current guide,Current implementation and CONTRIBUTING; agent mandates in AGENTS,contrib/guide.md; contrib/guides/authoring.md; contrib/info/docs-guide.rst; contrib/maintainers/project.md; contrib/setups/setup-linux.rst; contrib/setups/setup-mac.rst; contrib/setups/setup-win.rst; contrib/start/index.md; contrib/start/setup.md; project/community.md,contrib/start/first-contribution.html,"Implementation, parser, markers, build or contributor policy"
contrib/start/index.md,contributors,Start contributing,current guide,Current implementation and CONTRIBUTING; agent mandates in AGENTS,contrib/guide.md; contrib/maintainers/index.md,contrib/start/index.html,"Implementation, parser, markers, build or contributor policy"
contrib/start/setup.md,contributors,Set up a development environment,current guide,Current implementation and CONTRIBUTING; agent mandates in AGENTS,contrib/architecture/index.md; contrib/design/deidentification/contributing.md; contrib/guide.md; contrib/guides/authoring.md; contrib/guides/dev-reference.rst; contrib/guides/index.md; contrib/guides/make-a-change.md; contrib/maintainers/publishing.md; contrib/setups/setup-linux.rst; contrib/setups/setup-mac.rst; contrib/setups/setup-win.rst; contrib/start/first-contribution.md; contrib/start/index.md; contrib/tips/index.rst; contrib/validation/data.md; contrib/validation/index.md; contrib/validation/testing.md,contrib/start/setup.html,"Implementation, parser, markers, build or contributor policy"
contrib/tips/add-jupyter-kernel.rst,contributors,Use the development environment in Jupyter #,current guide,Current implementation and CONTRIBUTING; agent mandates in AGENTS,contrib/guides/index.md; contrib/setups/setup-linux.rst; contrib/setups/setup-mac.rst; contrib/setups/setup-win.rst; contrib/start/setup.md; contrib/tips/index.rst,contrib/tips/add-jupyter-kernel.html,"Implementation, parser, markers, build or contributor policy"
contrib/tips/index.rst,contributors,Tips & Tricks #,compatibility page,Current implementation and CONTRIBUTING; agent mandates in AGENTS,index.rst,contrib/guide.html,"Implementation, parser, markers, build or contributor policy"
contrib/tips/win-open-ssh.rst,historical readers,Git with SSH on Windows #,historical,Original deployment/article conditions,contrib/setups/setup-win.rst; contrib/start/setup.md; contrib/tips/index.rst; project/history.md,contrib/tips/win-open-ssh.html,Supported replacement or clarified historical scope
contrib/validation/data.md,contributors,Fixtures and external data,current guide,Current implementation and CONTRIBUTING; agent mandates in AGENTS,contrib/architecture/index.md; contrib/guide.md; contrib/guides/make-a-change.md; contrib/validation/index.md; contrib/validation/scientific.md; contrib/validation/testing.md; project/community.md; project/reference-coverage.md,contrib/validation/data.html,"Implementation, parser, markers, build or contributor policy"
contrib/validation/index.md,contributors,Testing and scientific validation,current guide,Current implementation and CONTRIBUTING; agent mandates in AGENTS,contrib/guides/make-a-change.md; contrib/start/index.md,contrib/validation/index.html,"Implementation, parser, markers, build or contributor policy"
contrib/validation/scientific.md,contributors,Build scientific evidence for a change,current guide,Current implementation and CONTRIBUTING; agent mandates in AGENTS,contrib/architecture/feature-anatomy.md; contrib/architecture/index.md; contrib/guide.md; contrib/guides/authoring.md; contrib/guides/index.md; contrib/maintainers/index.md; contrib/maintainers/review.md; contrib/validation/data.md; contrib/validation/index.md; contrib/validation/testing.md,contrib/validation/scientific.html,"Implementation, parser, markers, build or contributor policy"
contrib/validation/testing.md,contributors,Run and write tests,current guide,Current implementation and CONTRIBUTING; agent mandates in AGENTS,contrib/architecture/feature-anatomy.md; contrib/architecture/index.md; contrib/guide.md; contrib/guides/dev-reference.rst; contrib/guides/make-a-change.md; contrib/maintainers/pr-checks.md; contrib/start/first-contribution.md; contrib/validation/data.md; contrib/validation/index.md; contrib/validation/scientific.md; project/reference-coverage.md,contrib/validation/testing.html,"Implementation, parser, markers, build or contributor policy"
genindex.rst,all readers,Alphabetical Index,current project information,"README, CHANGELOG, SECURITY, CONTRIBUTING and adopted policy",users/ref/index.md; users/ref/lib/index.rst,genindex.html,"Release, source authority, community or adopted policy change"
index.rst,all readers,What is PyMedPhys? #,current project information,"README, CHANGELOG, SECURITY, CONTRIBUTING and adopted policy",,index.html,"Release, source authority, community or adopted policy change"
messages/warning-pinnacle.rst,all readers,messages/warning-pinnacle,current project information,"README, CHANGELOG, SECURITY, CONTRIBUTING and adopted policy",,messages/warning-pinnacle.html,"Release, source authority, community or adopted policy change"
overview.rst,all readers,Overview #,current project information,"README, CHANGELOG, SECURITY, CONTRIBUTING and adopted policy",,overview.html,"Release, source authority, community or adopted policy change"
project/community.md,all readers,"Community, citation and licensing",current project information,"README, CHANGELOG, SECURITY, CONTRIBUTING and adopted policy",project/index.md,project/community.html,"Release, source authority, community or adopted policy change"
project/compatibility.md,all readers,"Releases, compatibility and migration",current project information,"README, CHANGELOG, SECURITY, CONTRIBUTING and adopted policy",contrib/maintainers/project.md; contrib/maintainers/release.md; project/documentation.md; project/index.md; project/reference-coverage.md,project/compatibility.html,"Release, source authority, community or adopted policy change"
project/documentation.md,all readers,Documentation ownership and migration,current project information,"README, CHANGELOG, SECURITY, CONTRIBUTING and adopted policy",contrib/maintainers/project.md; contrib/maintainers/publishing.md; project/index.md; project/reference-coverage.md,project/documentation.html,"Release, source authority, community or adopted policy change"
project/history.md,all readers,Historical articles and deployments,current project information,"README, CHANGELOG, SECURITY, CONTRIBUTING and adopted policy",contrib/dive/index.md; project/index.md; users/howto/index.md,project/history.html,"Release, source authority, community or adopted policy change"
project/index.md,all readers,Project information,current project information,"README, CHANGELOG, SECURITY, CONTRIBUTING and adopted policy",index.rst; overview.rst,project/index.html,"Release, source authority, community or adopted policy change"
project/reference-coverage.md,all readers,Public reference coverage,current project information,"README, CHANGELOG, SECURITY, CONTRIBUTING and adopted policy",project/documentation.md; project/index.md,project/reference-coverage.html,"Release, source authority, community or adopted policy change"
README.rst,all readers,What is PyMedPhys? #,generated from canonical source,README.rst,,README.html,"Release, source authority, community or adopted policy change"
release-notes.md,all readers,Release Notes #,generated from canonical source,CHANGELOG.md,contrib/info/file-structure.rst; index.rst; project/compatibility.md; project/index.md; users/ref/lib/experimental/index.rst; users/ref/lib/pinnacle.rst,release-notes.html,"Release, source authority, community or adopted policy change"
statement-of-need.rst,all readers,Statement of Need #,current project information,"README, CHANGELOG, SECURITY, CONTRIBUTING and adopted policy",project/community.md,statement-of-need.html,"Release, source authority, community or adopted policy change"
users/background/autocontouring.rst,historical readers,Automatic Contouring Project #,historical,Original deployment/article conditions,project/history.md; users/background/index.rst,users/background/autocontouring.html,Supported replacement or clarified historical scope
users/background/dicom-deidentification.md,users completing tasks,DICOM de-identification #,current guide,"Supported implementation, sample inputs and linked evidence",contrib/design/deidentification/contributing.md; contrib/design/deidentification/index.md; contrib/info/deidentification-design.md; contrib/validation/data.md; project/reference-coverage.md; users/background/index.rst; users/get-started/choose-your-path.md; users/get-started/what-pymedphys-can-do.md; users/ref/cli/dicom.rst; users/ref/cli/pseudonymisation.rst; users/ref/configuration.md; users/ref/lib/dicom.rst; users/ref/lib/experimental/pseudonymisation.rst; users/tasks/apps.md; users/tasks/dicom.md; users/tasks/pinnacle.md,users/background/dicom-deidentification.html,"Input, output, limitation or interface change"
users/background/elekta-logfiles.rst,users completing tasks,Elekta Logfile Decoding and Indexing #,current guide,"Supported implementation, sample inputs and linked evidence",project/history.md; users/background/index.rst; users/get-started/what-pymedphys-can-do.md; users/tasks/logfiles.md,users/background/elekta-logfiles.html,"Input, output, limitation or interface change"
users/background/index.rst,users completing tasks,Background #,current guide,"Supported implementation, sample inputs and linked evidence",index.rst; overview.rst,users/background/index.html,"Input, output, limitation or interface change"
users/get-started/choose-your-path.md,users completing tasks,Choose your path #,current guide,"Supported implementation, sample inputs and linked evidence",index.rst; overview.rst; users/get-started/cli.rst; users/get-started/index.md; users/get-started/installation-options.md; users/get-started/quick-start.rst; users/get-started/what-pymedphys-can-do.md,users/get-started/choose-your-path.html,"Input, output, limitation or interface change"
users/get-started/cli.rst,users completing tasks,Using the CLI #,current guide,"Supported implementation, sample inputs and linked evidence",users/get-started/index.md; users/get-started/quick-start.rst,users/get-started/cli.html,"Input, output, limitation or interface change"
users/get-started/index.md,users completing tasks,Getting Started #,current guide,"Supported implementation, sample inputs and linked evidence",contrib/guide.md; index.rst; overview.rst; users/tasks/index.md,users/get-started/index.html,"Input, output, limitation or interface change"
users/get-started/installation-options.md,users completing tasks,Installation options #,current guide,"Supported implementation, sample inputs and linked evidence",contrib/setups/setup-mac.rst; index.rst; overview.rst; project/compatibility.md; users/get-started/choose-your-path.md; users/get-started/cli.rst; users/get-started/index.md; users/get-started/quick-start.rst; users/get-started/what-pymedphys-can-do.md,users/get-started/installation-options.html,"Input, output, limitation or interface change"
users/get-started/quick-start.rst,users completing tasks,Quick Start Guide #,current guide,"Supported implementation, sample inputs and linked evidence",contrib/dive/create-streamlit-exe.md; contrib/start/setup.md; index.rst; overview.rst; users/get-started/choose-your-path.md; users/get-started/index.md; users/get-started/installation-options.md; users/howto/add-a-linac.md; users/ref/cli/gui.rst; users/tasks/first-result.md; users/tasks/index.md,users/get-started/quick-start.html,"Input, output, limitation or interface change"
users/get-started/what-pymedphys-can-do.md,users completing tasks,What PyMedPhys can do #,current guide,"Supported implementation, sample inputs and linked evidence",index.rst; overview.rst; statement-of-need.rst; users/get-started/choose-your-path.md; users/get-started/index.md; users/get-started/quick-start.rst,users/get-started/what-pymedphys-can-do.html,"Input, output, limitation or interface change"
users/howto/add-a-linac.md,historical readers,Adding a Linac #,historical,Original deployment/article conditions,project/history.md; users/howto/index.md; users/tasks/logfiles.md,users/howto/add-a-linac.html,Supported replacement or clarified historical scope
users/howto/gamma/1D-from-csv.ipynb,users completing tasks,Gamma from 1D ASCII data #,current guide,"Supported implementation, sample inputs and linked evidence",users/howto/gamma/index.rst; users/howto/index.md; users/tasks/compare.md,users/howto/gamma/1D-from-csv.html,"Input, output, limitation or interface change"
users/howto/gamma/effect-of-noise.ipynb,users completing tasks,The Effects of Noise on Gamma #,current guide,"Supported implementation, sample inputs and linked evidence",users/howto/gamma/index.rst; users/howto/index.md; users/tasks/compare.md,users/howto/gamma/effect-of-noise.html,"Input, output, limitation or interface change"
users/howto/gamma/from-dicom.ipynb,users completing tasks,Gamma from DICOM #,current guide,"Supported implementation, sample inputs and linked evidence",users/howto/gamma/index.rst; users/howto/index.md; users/tasks/compare.md,users/howto/gamma/from-dicom.html,"Input, output, limitation or interface change"
users/howto/gamma/index.rst,users completing tasks,Gamma #,current guide,"Supported implementation, sample inputs and linked evidence",users/get-started/what-pymedphys-can-do.md; users/howto/index.md,users/howto/gamma/index.html,"Input, output, limitation or interface change"
users/howto/gamma/speed-up.ipynb,users completing tasks,Speeding up gamma calculations #,current guide,"Supported implementation, sample inputs and linked evidence",users/howto/gamma/index.rst; users/howto/index.md; users/tasks/compare.md,users/howto/gamma/speed-up.html,"Input, output, limitation or interface change"
users/howto/index.md,users completing tasks,How-to Guides #,current guide,"Supported implementation, sample inputs and linked evidence",index.rst; overview.rst; users/get-started/quick-start.rst,users/howto/index.html,"Input, output, limitation or interface change"
users/howto/interp/implementation_comparison.ipynb,users completing tasks,Multilinear Interpolation Comparison #,current guide,"Supported implementation, sample inputs and linked evidence",contrib/info/gamma-benchmark.md; users/howto/index.md; users/howto/interp/index.rst; users/ref/lib/interp.rst; users/tasks/interpolation.md,users/howto/interp/implementation_comparison.html,"Input, output, limitation or interface change"
users/howto/interp/index.rst,users completing tasks,Interpolation #,current guide,"Supported implementation, sample inputs and linked evidence",users/get-started/what-pymedphys-can-do.md; users/howto/index.md,users/howto/interp/index.html,"Input, output, limitation or interface change"
users/howto/tunnels/index.md,historical readers,Tunnels #,historical,Original deployment/article conditions,project/history.md; users/howto/index.md; users/tasks/logfiles.md,users/howto/tunnels/index.html,Supported replacement or clarified historical scope
users/howto/tunnels/rsync.md,historical readers,Backups using rsync #,historical,Original deployment/article conditions,users/howto/tunnels/index.md,users/howto/tunnels/rsync.html,Supported replacement or clarified historical scope
users/howto/tunnels/samba.md,historical readers,SAMBA SSH Tunnelling #,historical,Original deployment/article conditions,users/howto/tunnels/index.md,users/howto/tunnels/samba.html,Supported replacement or clarified historical scope
users/ref/cli/dicom.rst,users seeking contracts,DICOM Files #,current reference,"Public docstrings, argparse and configuration consumers",contrib/architecture/feature-anatomy.md; contrib/guides/make-a-change.md; project/reference-coverage.md; users/get-started/what-pymedphys-can-do.md; users/ref/cli/index.rst; users/ref/index.md; users/tasks/dicom.md,users/ref/cli/dicom.html,"Export, parser or configuration consumer"
users/ref/cli/gui.rst,users seeking contracts,Graphical apps #,current reference,"Public docstrings, argparse and configuration consumers",project/reference-coverage.md; users/background/dicom-deidentification.md; users/get-started/quick-start.rst; users/ref/cli/index.rst; users/ref/configuration.md; users/ref/index.md; users/tasks/apps.md,users/ref/cli/gui.html,"Export, parser or configuration consumer"
users/ref/cli/icom.rst,users seeking contracts,iCom listener #,current reference,"Public docstrings, argparse and configuration consumers",project/reference-coverage.md; users/get-started/what-pymedphys-can-do.md; users/howto/add-a-linac.md; users/ref/cli/index.rst; users/ref/index.md; users/tasks/logfiles.md,users/ref/cli/icom.html,"Export, parser or configuration consumer"
users/ref/cli/index.rst,users seeking contracts,CLI Reference #,current reference,"Public docstrings, argparse and configuration consumers",project/reference-coverage.md; users/get-started/cli.rst; users/ref/index.md,users/ref/cli/index.html,"Export, parser or configuration consumer"
users/ref/cli/pinnacle.rst,users seeking contracts,Pinnacle Export Tool #,current reference,"Public docstrings, argparse and configuration consumers",project/reference-coverage.md; users/ref/cli/index.rst; users/ref/index.md; users/ref/lib/experimental/pinnacle.rst; users/ref/lib/pinnacle.rst; users/tasks/pinnacle.md,users/ref/cli/pinnacle.html,"Export, parser or configuration consumer"
users/ref/cli/pseudonymisation.rst,users seeking contracts,Pseudonymisation Tool #,current reference,"Public docstrings, argparse and configuration consumers",project/reference-coverage.md; users/get-started/what-pymedphys-can-do.md; users/ref/cli/index.rst; users/ref/index.md,users/ref/cli/pseudonymisation.html,"Export, parser or configuration consumer"
users/ref/cli/trf.rst,users seeking contracts,Elekta Binary Logfiles #,current reference,"Public docstrings, argparse and configuration consumers",project/reference-coverage.md; users/get-started/what-pymedphys-can-do.md; users/ref/cli/index.rst; users/ref/index.md,users/ref/cli/trf.html,"Export, parser or configuration consumer"
users/ref/cli/zenodo.rst,users seeking contracts,Zenodo,current reference,"Public docstrings, argparse and configuration consumers",project/reference-coverage.md; users/ref/cli/index.rst; users/ref/configuration.md; users/ref/index.md; users/ref/lib/data.rst,users/ref/cli/zenodo.html,"Export, parser or configuration consumer"
users/ref/configuration.md,users seeking contracts,Configuration reference,current reference,"Public docstrings, argparse and configuration consumers",project/history.md; users/ref/index.md; users/ref/lib/data.rst; users/tasks/apps.md; users/tasks/electronfactors.md; users/tasks/index.md; users/tasks/logfiles.md; users/tasks/mosaiq.md,users/ref/configuration.html,"Export, parser or configuration consumer"
users/ref/index.md,users seeking contracts,Technical Reference #,current reference,"Public docstrings, argparse and configuration consumers",index.rst; overview.rst; users/get-started/what-pymedphys-can-do.md; users/tasks/index.md,users/ref/index.html,"Export, parser or configuration consumer"
users/ref/lib/data.rst,users seeking contracts,Downloaded data,current reference,"Public docstrings, argparse and configuration consumers",project/reference-coverage.md; users/ref/cli/zenodo.rst; users/ref/configuration.md; users/ref/index.md; users/ref/lib/index.rst,users/ref/lib/data.html,"Export, parser or configuration consumer"
users/ref/lib/delivery.rst,users seeking contracts,Delivery,current reference,"Public docstrings, argparse and configuration consumers",project/reference-coverage.md; users/ref/index.md; users/ref/lib/index.rst; users/tasks/delivery.md,users/ref/lib/delivery.html,"Export, parser or configuration consumer"
users/ref/lib/dicom.rst,users seeking contracts,DICOM #,current reference,"Public docstrings, argparse and configuration consumers",project/reference-coverage.md; users/get-started/what-pymedphys-can-do.md; users/ref/index.md; users/ref/lib/experimental/pseudonymisation.rst; users/ref/lib/gamma.rst; users/ref/lib/index.rst; users/tasks/dicom.md,users/ref/lib/dicom.html,"Export, parser or configuration consumer"
users/ref/lib/electronfactors.rst,users seeking contracts,Electron Cutout Factors #,current reference,"Public docstrings, argparse and configuration consumers",project/reference-coverage.md; users/get-started/what-pymedphys-can-do.md; users/ref/index.md; users/ref/lib/index.rst; users/tasks/electronfactors.md,users/ref/lib/electronfactors.html,"Export, parser or configuration consumer"
users/ref/lib/experimental/index.rst,users seeking contracts,Experimental Modules #,current reference,"Public docstrings, argparse and configuration consumers",project/reference-coverage.md; users/ref/index.md; users/ref/lib/index.rst,users/ref/lib/experimental/index.html,"Export, parser or configuration consumer"
users/ref/lib/experimental/pinnacle.rst,users seeking contracts,Pinnacle Export Tool #,current reference,"Public docstrings, argparse and configuration consumers",project/reference-coverage.md,users/ref/lib/experimental/pinnacle.html,"Export, parser or configuration consumer"
users/ref/lib/experimental/pseudonymisation.rst,users seeking contracts,Pseudonymisation Tool #,current reference,"Public docstrings, argparse and configuration consumers",project/reference-coverage.md; users/get-started/what-pymedphys-can-do.md; users/ref/cli/pseudonymisation.rst; users/ref/lib/experimental/index.rst; users/ref/lib/index.rst,users/ref/lib/experimental/pseudonymisation.html,"Export, parser or configuration consumer"
users/ref/lib/gamma.rst,users seeking contracts,Gamma #,current reference,"Public docstrings, argparse and configuration consumers",contrib/architecture/feature-anatomy.md; contrib/guides/authoring.md; project/reference-coverage.md; users/get-started/what-pymedphys-can-do.md; users/ref/index.md; users/ref/lib/index.rst; users/tasks/compare.md,users/ref/lib/gamma.html,"Export, parser or configuration consumer"
users/ref/lib/index.rst,users seeking contracts,Library Reference #,current reference,"Public docstrings, argparse and configuration consumers",project/reference-coverage.md; users/ref/index.md,users/ref/lib/index.html,"Export, parser or configuration consumer"
users/ref/lib/interp.rst,users seeking contracts,Interpolation #,current reference,"Public docstrings, argparse and configuration consumers",project/reference-coverage.md; users/get-started/what-pymedphys-can-do.md; users/ref/index.md; users/ref/lib/index.rst; users/tasks/interpolation.md,users/ref/lib/interp.html,"Export, parser or configuration consumer"
users/ref/lib/metersetmap.rst,users seeking contracts,MetersetMap #,current reference,"Public docstrings, argparse and configuration consumers",project/reference-coverage.md; users/get-started/what-pymedphys-can-do.md; users/ref/index.md; users/ref/lib/delivery.rst; users/ref/lib/index.rst; users/tasks/delivery.md,users/ref/lib/metersetmap.html,"Export, parser or configuration consumer"
users/ref/lib/mosaiq.rst,users seeking contracts,Mosaiq #,current reference,"Public docstrings, argparse and configuration consumers",project/reference-coverage.md; users/get-started/what-pymedphys-can-do.md; users/ref/index.md; users/ref/lib/index.rst; users/ref/lib/trf.rst; users/tasks/mosaiq.md,users/ref/lib/mosaiq.html,"Export, parser or configuration consumer"
users/ref/lib/pinnacle.rst,users seeking contracts,Pinnacle Export Tool #,current reference,"Public docstrings, argparse and configuration consumers",project/reference-coverage.md; users/ref/cli/pinnacle.rst; users/ref/index.md; users/ref/lib/experimental/index.rst; users/ref/lib/experimental/pinnacle.rst; users/ref/lib/index.rst; users/tasks/pinnacle.md,users/ref/lib/pinnacle.html,"Export, parser or configuration consumer"
users/ref/lib/trf.rst,users seeking contracts,TRF #,current reference,"Public docstrings, argparse and configuration consumers",project/reference-coverage.md; users/get-started/what-pymedphys-can-do.md; users/ref/index.md; users/ref/lib/delivery.rst; users/ref/lib/index.rst; users/tasks/logfiles.md,users/ref/lib/trf.html,"Export, parser or configuration consumer"
users/tasks/apps.md,users completing tasks,Use the apps,current guide,"Supported implementation, sample inputs and linked evidence",project/history.md; project/reference-coverage.md; users/ref/configuration.md; users/ref/lib/data.rst; users/ref/lib/metersetmap.rst; users/tasks/compare.md; users/tasks/delivery.md; users/tasks/electronfactors.md; users/tasks/first-result.md; users/tasks/index.md; users/tasks/mosaiq.md,users/tasks/apps.html,"Input, output, limitation or interface change"
users/tasks/compare.md,users completing tasks,Compare dose and delivery,current guide,"Supported implementation, sample inputs and linked evidence",project/reference-coverage.md; users/howto/index.md; users/ref/lib/gamma.rst; users/tasks/dicom.md; users/tasks/first-result.md; users/tasks/index.md,users/tasks/compare.html,"Input, output, limitation or interface change"
users/tasks/delivery.md,users completing tasks,Work with delivery data,current guide,"Supported implementation, sample inputs and linked evidence",project/reference-coverage.md; users/ref/configuration.md; users/ref/lib/delivery.rst; users/ref/lib/metersetmap.rst; users/ref/lib/trf.rst; users/tasks/apps.md; users/tasks/compare.md; users/tasks/index.md; users/tasks/logfiles.md; users/tasks/mosaiq.md,users/tasks/delivery.html,"Input, output, limitation or interface change"
users/tasks/dicom.md,users completing tasks,Work with DICOM,current guide,"Supported implementation, sample inputs and linked evidence",project/reference-coverage.md; users/ref/lib/dicom.rst; users/tasks/compare.md; users/tasks/first-result.md; users/tasks/index.md; users/tasks/pinnacle.md,users/tasks/dicom.html,"Input, output, limitation or interface change"
users/tasks/electronfactors.md,users completing tasks,Model electron insert factors,current guide,"Supported implementation, sample inputs and linked evidence",project/reference-coverage.md; users/ref/configuration.md; users/ref/lib/electronfactors.rst; users/tasks/apps.md; users/tasks/index.md,users/tasks/electronfactors.html,"Input, output, limitation or interface change"
users/tasks/first-result.md,users completing tasks,Your first result,current guide,"Supported implementation, sample inputs and linked evidence",overview.rst; users/get-started/index.md; users/ref/lib/data.rst; users/tasks/apps.md; users/tasks/compare.md; users/tasks/dicom.md; users/tasks/index.md,users/tasks/first-result.html,"Input, output, limitation or interface change"
users/tasks/index.md,users completing tasks,User guide,current guide,"Supported implementation, sample inputs and linked evidence",contrib/tips/win-open-ssh.rst; index.rst; overview.rst; project/index.md; users/background/autocontouring.rst; users/howto/index.md; users/ref/lib/index.rst; users/tasks/apps.md,users/tasks/index.html,"Input, output, limitation or interface change"
users/tasks/interpolation.md,users completing tasks,Interpolate data,current guide,"Supported implementation, sample inputs and linked evidence",project/reference-coverage.md; users/howto/index.md; users/ref/lib/interp.rst; users/tasks/compare.md; users/tasks/index.md,users/tasks/interpolation.html,"Input, output, limitation or interface change"
users/tasks/logfiles.md,users completing tasks,Work with logfiles,current guide,"Supported implementation, sample inputs and linked evidence",project/history.md; project/reference-coverage.md; users/ref/configuration.md; users/ref/lib/trf.rst; users/tasks/delivery.md; users/tasks/index.md; users/tasks/mosaiq.md,users/tasks/logfiles.html,"Input, output, limitation or interface change"
users/tasks/mosaiq.md,users completing tasks,Query Mosaiq,current guide,"Supported implementation, sample inputs and linked evidence",project/reference-coverage.md; users/ref/configuration.md; users/ref/lib/mosaiq.rst; users/tasks/delivery.md; users/tasks/index.md; users/tasks/logfiles.md,users/tasks/mosaiq.html,"Input, output, limitation or interface change"
users/tasks/pinnacle.md,users completing tasks,Export Pinnacle data for research,current guide,"Supported implementation, sample inputs and linked evidence",project/reference-coverage.md; users/ref/lib/pinnacle.rst; users/tasks/index.md,users/tasks/pinnacle.html,"Input, output, limitation or interface change"
