case,dimension,profile,scale,points,eligible_points,rounds,revision,median_speed_ratio,min_speed_ratio,max_speed_ratio
2d-cap2-100x,2,cap2,100,16080100,5208352,4,previous,1.4718071219645439,1.4303075877194655,1.5133181896125925
2d-cap2-100x,2,cap2,100,16080100,5208352,4,current,1.7840641510840103,1.7684986865223615,1.8634238188997745
2d-cap2-10x,2,cap2,10,1607824,520308,4,previous,1.614162475312026,1.4771174114740393,1.6997903766862645
2d-cap2-10x,2,cap2,10,1607824,520308,4,current,1.9742687582351046,1.85825815976902,2.0449327485275486
2d-cap2-1x,2,cap2,1,160801,51885,4,previous,1.4873053992837253,1.426461611498131,1.5313158185593618
2d-cap2-1x,2,cap2,1,160801,51885,4,current,1.9077890239876218,1.6978886499609058,2.0530146515906886
2d-cap2-30x,2,cap2,30,4822416,1560912,4,previous,1.5652678760264722,1.5447595979883062,1.5832716968140885
2d-cap2-30x,2,cap2,30,4822416,1560912,4,current,1.911192941821715,1.8687499436282928,1.9956151159908357
2d-cap2-3x,2,cap2,3,481636,155800,4,previous,1.4838619959444062,1.4499361393119883,1.4871437805967538
2d-cap2-3x,2,cap2,3,481636,155800,4,current,1.820627108437192,1.6551919912188435,2.0884728359213884
2d-global-100x,2,global,100,16080100,5208352,4,previous,1.5097722741205835,1.4822746385883696,1.5740223531817803
2d-global-100x,2,global,100,16080100,5208352,4,current,1.8484816092500589,1.7402255128977198,1.9318032918169807
2d-global-10x,2,global,10,1607824,520308,4,previous,1.4534335908188751,1.3145094241635205,1.670871213899369
2d-global-10x,2,global,10,1607824,520308,4,current,2.0212426665958594,1.862937528870016,2.135167966764027
2d-global-1x,2,global,1,160801,51885,4,previous,1.4185253929368091,1.2708626085938104,1.9932890910816818
2d-global-1x,2,global,1,160801,51885,4,current,1.7376614268098307,1.3320032538900672,1.7977803158617307
2d-global-30x,2,global,30,4822416,1560912,4,previous,1.5459580718839483,1.4924024012139308,1.5738322070579942
2d-global-30x,2,global,30,4822416,1560912,4,current,1.8927288935648643,1.8694055733140698,1.9309609415601803
2d-global-3x,2,global,3,481636,155800,4,previous,1.665021901765082,1.5261292870480292,1.8010979261188544
2d-global-3x,2,global,3,481636,155800,4,current,1.9014485432811143,1.435228371509443,2.18099398182491
2d-local-100x,2,local,100,16080100,5208352,4,previous,1.5092831131342734,1.4453800993226182,1.5340420859042558
2d-local-100x,2,local,100,16080100,5208352,4,current,1.8629999644491164,1.8250146364415187,1.8863370380927698
2d-local-10x,2,local,10,1607824,520308,4,previous,1.6434812143158934,1.5606039597127903,1.662954964514391
2d-local-10x,2,local,10,1607824,520308,4,current,2.0987899930644547,1.9033116304497988,2.1021097954184516
2d-local-1x,2,local,1,160801,51885,4,previous,1.4303810942924506,1.310797967119847,1.6663667380253626
2d-local-1x,2,local,1,160801,51885,4,current,1.8271827469067055,1.7303353250839704,2.0166533822898165
2d-local-30x,2,local,30,4822416,1560912,4,previous,1.4391893065165124,1.4010588130846453,1.5964578447250168
2d-local-30x,2,local,30,4822416,1560912,4,current,1.8647905115923455,1.7534108588276642,1.9379669766705119
2d-local-3x,2,local,3,481636,155800,4,previous,1.6117570302897712,1.373484010678392,1.8861102743762421
2d-local-3x,2,local,3,481636,155800,4,current,2.0470699723322907,1.9152674085841408,2.2210878033434214
3d-cap2-100x,3,cap2,100,13242240,6149042,2,previous,3.8368984975097966,3.7642873238123165,3.9095096712072768
3d-cap2-100x,3,cap2,100,13242240,6149042,2,current,5.394947447683238,5.2143266785857465,5.57556821678073
3d-cap2-10x,3,cap2,10,1309792,603080,4,previous,3.8416276608735687,3.6971084477892595,3.8716576045200184
3d-cap2-10x,3,cap2,10,1309792,603080,4,current,5.285532710879035,5.152694029187923,5.417427499022075
3d-cap2-1x,3,cap2,1,133209,60101,4,previous,3.9546135377207143,3.671439493528863,4.269982400977921
3d-cap2-1x,3,cap2,1,133209,60101,4,current,5.718005601688203,5.6645043187121615,5.770845372746558
3d-cap2-30x,3,cap2,30,3978783,1839503,4,previous,3.7964029882912587,3.756626075293973,3.820945694366041
3d-cap2-30x,3,cap2,30,3978783,1839503,4,current,5.384453955816186,5.336007489406305,5.4667933943756
3d-cap2-3x,3,cap2,3,396716,181080,4,previous,3.7971039688858546,3.625673176327993,4.116752519703887
3d-cap2-3x,3,cap2,3,396716,181080,4,current,5.559641378523667,5.399023044216785,5.747783360701542
3d-global-100x,3,global,100,13242240,6149042,4,previous,3.7777632520871367,3.7061713017593685,3.8549325638187
3d-global-100x,3,global,100,13242240,6149042,4,current,5.185373020736255,5.085160485633946,5.400874474201001
3d-global-10x,3,global,10,1309792,603080,4,previous,4.012524872914783,3.9324706529941613,4.273757788972774
3d-global-10x,3,global,10,1309792,603080,4,current,5.5323620540780425,5.373218765615105,5.622569116466598
3d-global-1x,3,global,1,133209,60101,4,previous,3.9858724888889547,3.8268840028275064,4.186707453886118
3d-global-1x,3,global,1,133209,60101,4,current,5.645614567151927,5.353630115674102,5.965100795972769
3d-global-30x,3,global,30,3978783,1839503,4,previous,3.9068359654289075,3.7684516007505002,4.113783912274759
3d-global-30x,3,global,30,3978783,1839503,4,current,5.606236779632135,5.556302000460867,5.638863648834209
3d-global-3x,3,global,3,396716,181080,4,previous,3.8931300810684055,3.833589499698175,3.934688980121872
3d-global-3x,3,global,3,396716,181080,4,current,5.551461539367299,5.387391926941248,5.8611406982109004
