case,dimension,profile,scale,points,eligible_points,variant,median_seconds,min_seconds,max_seconds,rounds,timed_calls,peak_process_rss_bytes
2d-cap2-100x,2,cap2,100,16080100,5208352,previous-pymedphys,29.789726700000756,28.195052099996246,30.695220199995674,4,4,
2d-cap2-100x,2,cap2,100,16080100,5208352,current-pymedphys,24.04279619999943,23.392636800002947,24.589569600000686,4,4,
2d-cap2-100x,2,cap2,100,16080100,5208352,previous-scipy,43.54696740000145,42.66808519999904,44.49113109999598,4,4,
2d-cap2-100x,2,cap2,100,16080100,5208352,current-scipy,43.535202949999075,42.12968759999785,43.65527579999616,4,4,
2d-cap2-10x,2,cap2,10,1607824,520308,previous-pymedphys,2.6813671499985503,2.4809741000062786,2.784124799996789,4,4,
2d-cap2-10x,2,cap2,10,1607824,520308,current-pymedphys,2.0986592500012193,2.0839970000015455,2.3684410999994725,4,4,
2d-cap2-10x,2,cap2,10,1607824,520308,previous-scipy,4.298776050000015,3.944703199995274,4.458062700003211,4,4,
2d-cap2-10x,2,cap2,10,1607824,520308,current-scipy,4.263603750001494,4.0227020000020275,4.401175000006333,4,4,
2d-cap2-1x,2,cap2,1,160801,51885,previous-pymedphys,0.281522050001513,0.2786067999986699,0.2910436000020127,4,4,
2d-cap2-1x,2,cap2,1,160801,51885,current-pymedphys,0.2230343500013987,0.22139540000353009,0.22374159999890253,4,4,
2d-cap2-1x,2,cap2,1,160801,51885,previous-scipy,0.41616549999889685,0.4038096000003861,0.44398289999662666,4,4,
2d-cap2-1x,2,cap2,1,160801,51885,current-scipy,0.4265656999996281,0.3780091000007815,0.4545280000020284,4,4,
2d-cap2-30x,2,cap2,30,4822416,1560912,previous-pymedphys,8.147683049999614,8.10801779999747,8.244207199997618,4,4,
2d-cap2-30x,2,cap2,30,4822416,1560912,current-pymedphys,6.638878399997338,6.596722499998577,6.8215001999997185,4,4,
2d-cap2-30x,2,cap2,30,4822416,1560912,previous-scipy,12.753240699999878,12.73531820000062,12.837195100000827,4,4,
2d-cap2-30x,2,cap2,30,4822416,1560912,current-scipy,12.849993800002267,12.327624800003832,13.271123299993633,4,4,
2d-cap2-3x,2,cap2,3,481636,155800,previous-pymedphys,0.8390777000022354,0.8011188000018592,0.8452008000022033,4,4,
2d-cap2-3x,2,cap2,3,481636,155800,current-pymedphys,0.6761280999999144,0.6552530999979354,0.7397682000009809,4,4,
2d-cap2-3x,2,cap2,3,481636,155800,previous-scipy,1.245558250000613,1.1615711000049487,1.2559642999985954,4,4,
2d-cap2-3x,2,cap2,3,481636,155800,current-scipy,1.2343772999993234,1.2173277999972925,1.3684782999989693,4,4,
2d-global-100x,2,global,100,16080100,5208352,previous-pymedphys,29.302709100000357,28.49453860000358,29.97744799999782,4,4,
2d-global-100x,2,global,100,16080100,5208352,current-pymedphys,23.6614605499999,23.468390300004103,24.441218499996467,4,4,
2d-global-100x,2,global,100,16080100,5208352,previous-scipy,44.433199899998726,44.03323850000015,44.851040700006706,4,4,
2d-global-100x,2,global,100,16080100,5208352,current-scipy,43.60477190000165,42.53323200000159,45.61096969999926,4,4,
2d-global-10x,2,global,10,1607824,520308,previous-pymedphys,2.974329900003795,2.6781322000024375,3.107634699998016,4,4,
2d-global-10x,2,global,10,1607824,520308,current-pymedphys,2.102526549999311,2.0806130999990273,2.1339923000050476,4,4,
2d-global-10x,2,global,10,1607824,520308,previous-scipy,4.317694649998884,4.085015100004966,4.474814000001061,4,4,
2d-global-10x,2,global,10,1607824,520308,current-scipy,4.257488049999665,3.898759199997585,4.510011099999247,4,4,
2d-global-1x,2,global,1,160801,51885,previous-pymedphys,0.28055890000177897,0.2721986000033212,0.2983429000014439,4,4,
2d-global-1x,2,global,1,160801,51885,current-pymedphys,0.22644189999846276,0.22098640000331216,0.28261470000143163,4,4,
2d-global-1x,2,global,1,160801,51885,previous-scipy,0.41182969999863417,0.3544309999997495,0.5425704999943264,4,4,
2d-global-1x,2,global,1,160801,51885,current-scipy,0.3934874500009755,0.3764436999990721,0.3972849999991013,4,4,
2d-global-30x,2,global,30,4822416,1560912,previous-pymedphys,8.210874950000289,8.144926699998905,8.43616540000221,4,4,
2d-global-30x,2,global,30,4822416,1560912,current-pymedphys,6.6519084999963525,6.4492376999987755,6.743848500002059,4,4,
2d-global-30x,2,global,30,4822416,1560912,previous-scipy,12.629354549997515,12.590153500001179,12.949332600001071,4,4,
2d-global-30x,2,global,30,4822416,1560912,current-scipy,12.655338900003699,12.056240900004923,12.887681500003964,4,4,
2d-global-3x,2,global,3,481636,155800,previous-pymedphys,0.7564463000016985,0.7252764999939245,0.7830810000014026,4,4,
2d-global-3x,2,global,3,481636,155800,current-pymedphys,0.649891649998608,0.5942181000064011,0.8633563999974285,4,4,
2d-global-3x,2,global,3,481636,155800,previous-scipy,1.271027150003647,1.1711011000006692,1.3062940000017988,4,4,
2d-global-3x,2,global,3,481636,155800,current-scipy,1.2563286500007962,1.1810914000016055,1.2959861000053934,4,4,
2d-local-100x,2,local,100,16080100,5208352,previous-pymedphys,74.30008705000364,73.76801930000511,78.64441799999622,4,4,
2d-local-100x,2,local,100,16080100,5208352,current-pymedphys,60.64014999999927,59.42030180000438,61.71741969999857,4,4,
2d-local-100x,2,local,100,16080100,5208352,previous-scipy,113.01493715000106,111.41462129999854,113.67107670000405,4,4,
2d-local-100x,2,local,100,16080100,5208352,current-scipy,112.24369014999684,111.13696540000092,115.04995179999969,4,4,
2d-local-10x,2,local,10,1607824,520308,previous-pymedphys,6.943835450001643,6.798354399994423,7.084015400003409,4,4,
2d-local-10x,2,local,10,1607824,520308,current-pymedphys,5.579632400000264,5.399210700001277,5.669968399997742,4,4,
2d-local-10x,2,local,10,1607824,520308,previous-scipy,11.33539699999892,10.975860300000932,11.53904369999509,4,4,
2d-local-10x,2,local,10,1607824,520308,current-scipy,11.492147250002745,10.79171679999854,11.786453499997151,4,4,
2d-local-1x,2,local,1,160801,51885,previous-pymedphys,0.7428289000017685,0.722838599998795,0.8805463000026066,4,4,
2d-local-1x,2,local,1,160801,51885,current-pymedphys,0.6031055500025104,0.5671461000019917,0.6394690000015544,4,4,
2d-local-1x,2,local,1,160801,51885,previous-scipy,1.1370310999991489,1.0041767000002437,1.2045141999988118,4,4,
2d-local-1x,2,local,1,160801,51885,current-scipy,1.1337807999989309,1.010355599995819,1.1808065000004717,4,4,
2d-local-30x,2,local,30,4822416,1560912,previous-pymedphys,23.390049499997986,21.894466500001727,24.257860400000936,4,4,
2d-local-30x,2,local,30,4822416,1560912,current-pymedphys,18.24209459999838,17.516386299997976,19.349540199997136,4,4,
2d-local-30x,2,local,30,4822416,1560912,previous-scipy,33.988502599997446,33.30213840000215,34.95359279999684,4,4,
2d-local-30x,2,local,30,4822416,1560912,current-scipy,33.94391499999983,33.927693899997394,34.064302599996154,4,4,
2d-local-3x,2,local,3,481636,155800,previous-pymedphys,2.1233810000012454,1.8139336000022013,2.483213400002569,4,4,
2d-local-3x,2,local,3,481636,155800,current-pymedphys,1.715315699995699,1.508985999993456,1.804045100005169,4,4,
2d-local-3x,2,local,3,481636,155800,previous-scipy,3.4187309500011906,3.4106539000058547,3.423041200003354,4,4,
2d-local-3x,2,local,3,481636,155800,current-scipy,3.450389849997009,3.3515904000014416,3.571696700004395,4,4,
3d-cap2-100x,3,cap2,100,13242240,6149042,previous-pymedphys,282.83511900000303,280.81723720001173,284.85300079999433,2,2,
3d-cap2-100x,3,cap2,100,13242240,6149042,current-pymedphys,204.10076205000223,203.8696759000013,204.33184820000315,2,2,
3d-cap2-100x,3,cap2,100,13242240,6149042,previous-scipy,1085.3561638999963,1057.0767663000006,1113.635561499992,2,2,
3d-cap2-100x,3,cap2,100,13242240,6149042,current-scipy,1101.1546242500044,1063.0430900000065,1139.2661585000023,2,2,
3d-cap2-10x,3,cap2,10,1309792,603080,previous-pymedphys,26.49902215000475,26.432113000002573,27.37195950000023,4,4,
3d-cap2-10x,3,cap2,10,1309792,603080,current-pymedphys,18.913428450003266,18.531789999993634,19.589533499995014,4,4,
3d-cap2-10x,3,cap2,10,1309792,603080,previous-scipy,101.79904415000055,101.19710269999632,102.3360912999924,4,4,
3d-cap2-10x,3,cap2,10,1309792,603080,current-scipy,100.11404279999988,99.14073230000213,101.90140819999215,4,4,
3d-cap2-1x,3,cap2,1,133209,60101,previous-pymedphys,2.6705852000013692,2.5951998999953503,2.788255100007518,4,4,
3d-cap2-1x,3,cap2,1,133209,60101,current-pymedphys,1.8331775500046206,1.819673199992394,1.860459700008505,4,4,
3d-cap2-1x,3,cap2,1,133209,60101,previous-scipy,10.695178699999815,9.96629799999937,11.081457899999805,4,4,
3d-cap2-1x,3,cap2,1,133209,60101,current-scipy,10.495483299993793,10.307546700001694,10.708633800008101,4,4,
3d-cap2-30x,3,cap2,30,3978783,1839503,previous-pymedphys,81.55054999999993,81.2058512000076,81.87668430000485,4,4,
3d-cap2-30x,3,cap2,30,3978783,1839503,current-pymedphys,57.55418964999262,56.85413739999058,58.27049209999677,4,4,
3d-cap2-30x,3,cap2,30,3978783,1839503,previous-scipy,309.48533730000054,307.5800872000109,310.50918430001184,4,4,
3d-cap2-30x,3,cap2,30,3978783,1839503,current-scipy,310.34102585000073,308.7542323999951,312.0665287000011,4,4,
3d-cap2-3x,3,cap2,3,396716,181080,previous-pymedphys,8.09273194999696,7.699436399998376,8.519034700002521,4,4,
3d-cap2-3x,3,cap2,3,396716,181080,current-pymedphys,5.541178150000633,5.517756100001861,5.694362099995487,4,4,
3d-cap2-3x,3,cap2,3,396716,181080,previous-scipy,30.902098250000563,30.538647299996228,31.69667419999314,4,4,
3d-cap2-3x,3,cap2,3,396716,181080,current-scipy,30.830505699988862,30.695794699990074,31.71486670000013,4,4,
3d-global-100x,3,global,100,13242240,6149042,previous-pymedphys,289.5690342000016,277.34404939999513,305.20018490000075,4,4,
3d-global-100x,3,global,100,13242240,6149042,current-pymedphys,208.40200079999704,205.05862110000453,216.76696019999508,4,4,
3d-global-100x,3,global,100,13242240,6149042,previous-scipy,1100.5533837500006,1027.8845565999945,1163.3528396000038,4,4,
3d-global-100x,3,global,100,13242240,6149042,current-scipy,1084.6536908000053,1065.877290999997,1137.0473781999972,4,4,
3d-global-10x,3,global,10,1309792,603080,previous-pymedphys,26.875059849997342,26.311781399999745,27.6211398000014,4,4,
3d-global-10x,3,global,10,1309792,603080,current-pymedphys,19.100372500000958,18.821227699998417,19.810629799998424,4,4,
3d-global-10x,3,global,10,1309792,603080,previous-scipy,108.8872819499993,106.54504799999995,112.45018069999787,4,4,
3d-global-10x,3,global,10,1309792,603080,current-scipy,106.13525070000105,104.07118719999562,107.2788142999998,4,4,
3d-global-1x,3,global,1,133209,60101,previous-pymedphys,2.671215950002079,2.6477605999971274,2.716954800001986,4,4,
3d-global-1x,3,global,1,133209,60101,current-pymedphys,1.8986202999985835,1.836586299999908,1.9690184999999474,4,4,
3d-global-1x,3,global,1,133209,60101,previous-scipy,10.686478100000386,10.252910700000939,11.150257000001147,4,4,
3d-global-1x,3,global,1,133209,60101,current-scipy,10.734433150002587,10.483216699998593,10.955422400002135,4,4,
3d-global-30x,3,global,30,3978783,1839503,previous-pymedphys,84.17571945000236,80.86022370000137,86.61823690000165,4,4,
3d-global-30x,3,global,30,3978783,1839503,current-pymedphys,59.82977254999423,57.933500999999524,61.28486520000297,4,4,
3d-global-30x,3,global,30,3978783,1839503,previous-scipy,328.68643939999674,326.41663349999726,332.6414874000038,4,4,
3d-global-30x,3,global,30,3978783,1839503,current-scipy,335.4179978000029,321.89602749999904,345.5769986000014,4,4,
3d-global-3x,3,global,3,396716,181080,previous-pymedphys,8.062571950002166,7.917119699995965,8.342495199998666,4,4,
3d-global-3x,3,global,3,396716,181080,current-pymedphys,5.583698250000452,5.399689399993804,5.805435899994336,4,4,
3d-global-3x,3,global,3,396716,181080,previous-scipy,31.410819900000206,31.101681899999676,31.981701999997313,4,4,
3d-global-3x,3,global,3,396716,181080,current-scipy,31.37128280000252,30.53039539999736,31.64833930000168,4,4,
