case,dimension,profile,scale,points,eligible_points,round,variant,revision,status,verified,repeat,seconds
2d-global-1x,2,global,1,160801,51885,0,previous-pymedphys,866f83edad8586a42a739094e488f45242b72c95,ok,True,1,0.2721986000033212
2d-global-1x,2,global,1,160801,51885,0,current-pymedphys,e3baff7b9f6047bff77ea4603623540f5eecf45a,ok,True,1,0.22544799999741372
2d-global-1x,2,global,1,160801,51885,0,current-scipy,e3baff7b9f6047bff77ea4603623540f5eecf45a,ok,True,1,0.3899161000008462
2d-global-1x,2,global,1,160801,51885,0,previous-scipy,866f83edad8586a42a739094e488f45242b72c95,ok,True,1,0.5425704999943264
2d-global-1x,2,global,1,160801,51885,1,current-pymedphys,e3baff7b9f6047bff77ea4603623540f5eecf45a,ok,True,1,0.28261470000143163
2d-global-1x,2,global,1,160801,51885,1,previous-scipy,866f83edad8586a42a739094e488f45242b72c95,ok,True,1,0.4251557000025059
2d-global-1x,2,global,1,160801,51885,1,previous-pymedphys,866f83edad8586a42a739094e488f45242b72c95,ok,True,1,0.2983429000014439
2d-global-1x,2,global,1,160801,51885,1,current-scipy,e3baff7b9f6047bff77ea4603623540f5eecf45a,ok,True,1,0.3764436999990721
2d-global-1x,2,global,1,160801,51885,2,previous-scipy,866f83edad8586a42a739094e488f45242b72c95,ok,True,1,0.3544309999997495
2d-global-1x,2,global,1,160801,51885,2,current-scipy,e3baff7b9f6047bff77ea4603623540f5eecf45a,ok,True,1,0.3972849999991013
2d-global-1x,2,global,1,160801,51885,2,current-pymedphys,e3baff7b9f6047bff77ea4603623540f5eecf45a,ok,True,1,0.22098640000331216
2d-global-1x,2,global,1,160801,51885,2,previous-pymedphys,866f83edad8586a42a739094e488f45242b72c95,ok,True,1,0.2788901000021724
2d-global-1x,2,global,1,160801,51885,3,current-scipy,e3baff7b9f6047bff77ea4603623540f5eecf45a,ok,True,1,0.39705880000110483
2d-global-1x,2,global,1,160801,51885,3,previous-pymedphys,866f83edad8586a42a739094e488f45242b72c95,ok,True,1,0.28222770000138553
2d-global-1x,2,global,1,160801,51885,3,previous-scipy,866f83edad8586a42a739094e488f45242b72c95,ok,True,1,0.39850369999476243
2d-global-1x,2,global,1,160801,51885,3,current-pymedphys,e3baff7b9f6047bff77ea4603623540f5eecf45a,ok,True,1,0.2274357999995118
2d-global-3x,2,global,3,481636,155800,0,previous-pymedphys,866f83edad8586a42a739094e488f45242b72c95,ok,True,1,0.7830810000014026
2d-global-3x,2,global,3,481636,155800,0,current-pymedphys,e3baff7b9f6047bff77ea4603623540f5eecf45a,ok,True,1,0.5942181000064011
2d-global-3x,2,global,3,481636,155800,0,current-scipy,e3baff7b9f6047bff77ea4603623540f5eecf45a,ok,True,1,1.2959861000053934
2d-global-3x,2,global,3,481636,155800,0,previous-scipy,866f83edad8586a42a739094e488f45242b72c95,ok,True,1,1.239013000005798
2d-global-3x,2,global,3,481636,155800,1,current-pymedphys,e3baff7b9f6047bff77ea4603623540f5eecf45a,ok,True,1,0.6070478999972693
2d-global-3x,2,global,3,481636,155800,1,previous-scipy,866f83edad8586a42a739094e488f45242b72c95,ok,True,1,1.3062940000017988
2d-global-3x,2,global,3,481636,155800,1,previous-pymedphys,866f83edad8586a42a739094e488f45242b72c95,ok,True,1,0.7252764999939245
2d-global-3x,2,global,3,481636,155800,1,current-scipy,e3baff7b9f6047bff77ea4603623540f5eecf45a,ok,True,1,1.273543700001028
2d-global-3x,2,global,3,481636,155800,2,previous-scipy,866f83edad8586a42a739094e488f45242b72c95,ok,True,1,1.303041300001496
2d-global-3x,2,global,3,481636,155800,2,current-scipy,e3baff7b9f6047bff77ea4603623540f5eecf45a,ok,True,1,1.2391136000005645
2d-global-3x,2,global,3,481636,155800,2,current-pymedphys,e3baff7b9f6047bff77ea4603623540f5eecf45a,ok,True,1,0.8633563999974285
2d-global-3x,2,global,3,481636,155800,2,previous-pymedphys,866f83edad8586a42a739094e488f45242b72c95,ok,True,1,0.7455257000037818
2d-global-3x,2,global,3,481636,155800,3,current-scipy,e3baff7b9f6047bff77ea4603623540f5eecf45a,ok,True,1,1.1810914000016055
2d-global-3x,2,global,3,481636,155800,3,previous-pymedphys,866f83edad8586a42a739094e488f45242b72c95,ok,True,1,0.7673668999996153
2d-global-3x,2,global,3,481636,155800,3,previous-scipy,866f83edad8586a42a739094e488f45242b72c95,ok,True,1,1.1711011000006692
2d-global-3x,2,global,3,481636,155800,3,current-pymedphys,e3baff7b9f6047bff77ea4603623540f5eecf45a,ok,True,1,0.6927353999999468
2d-global-10x,2,global,10,1607824,520308,0,previous-pymedphys,866f83edad8586a42a739094e488f45242b72c95,ok,True,1,3.0571551000030013
2d-global-10x,2,global,10,1607824,520308,0,current-pymedphys,e3baff7b9f6047bff77ea4603623540f5eecf45a,ok,True,1,2.1339923000050476
2d-global-10x,2,global,10,1607824,520308,0,current-scipy,e3baff7b9f6047bff77ea4603623540f5eecf45a,ok,True,1,4.162832900001376
2d-global-10x,2,global,10,1607824,520308,0,previous-scipy,866f83edad8586a42a739094e488f45242b72c95,ok,True,1,4.247879199996532
2d-global-10x,2,global,10,1607824,520308,1,current-pymedphys,e3baff7b9f6047bff77ea4603623540f5eecf45a,ok,True,1,2.1122512000001734
2d-global-10x,2,global,10,1607824,520308,1,previous-scipy,866f83edad8586a42a739094e488f45242b72c95,ok,True,1,4.387510100001236
2d-global-10x,2,global,10,1607824,520308,1,previous-pymedphys,866f83edad8586a42a739094e488f45242b72c95,ok,True,1,2.891504700004589
2d-global-10x,2,global,10,1607824,520308,1,current-scipy,e3baff7b9f6047bff77ea4603623540f5eecf45a,ok,True,1,4.510011099999247
2d-global-10x,2,global,10,1607824,520308,2,previous-scipy,866f83edad8586a42a739094e488f45242b72c95,ok,True,1,4.474814000001061
2d-global-10x,2,global,10,1607824,520308,2,current-scipy,e3baff7b9f6047bff77ea4603623540f5eecf45a,ok,True,1,4.352143199997954
2d-global-10x,2,global,10,1607824,520308,2,current-pymedphys,e3baff7b9f6047bff77ea4603623540f5eecf45a,ok,True,1,2.0806130999990273
2d-global-10x,2,global,10,1607824,520308,2,previous-pymedphys,866f83edad8586a42a739094e488f45242b72c95,ok,True,1,2.6781322000024375
2d-global-10x,2,global,10,1607824,520308,3,current-scipy,e3baff7b9f6047bff77ea4603623540f5eecf45a,ok,True,1,3.898759199997585
2d-global-10x,2,global,10,1607824,520308,3,previous-pymedphys,866f83edad8586a42a739094e488f45242b72c95,ok,True,1,3.107634699998016
2d-global-10x,2,global,10,1607824,520308,3,previous-scipy,866f83edad8586a42a739094e488f45242b72c95,ok,True,1,4.085015100004966
2d-global-10x,2,global,10,1607824,520308,3,current-pymedphys,e3baff7b9f6047bff77ea4603623540f5eecf45a,ok,True,1,2.092801899998449
2d-global-30x,2,global,30,4822416,1560912,0,previous-pymedphys,866f83edad8586a42a739094e488f45242b72c95,ok,True,1,8.19385080000211
2d-global-30x,2,global,30,4822416,1560912,0,current-pymedphys,e3baff7b9f6047bff77ea4603623540f5eecf45a,ok,True,1,6.743848500002059
2d-global-30x,2,global,30,4822416,1560912,0,current-scipy,e3baff7b9f6047bff77ea4603623540f5eecf45a,ok,True,1,12.66949050000403
2d-global-30x,2,global,30,4822416,1560912,0,previous-scipy,866f83edad8586a42a739094e488f45242b72c95,ok,True,1,12.607749899994815
2d-global-30x,2,global,30,4822416,1560912,1,current-pymedphys,e3baff7b9f6047bff77ea4603623540f5eecf45a,ok,True,1,6.4492376999987755
2d-global-30x,2,global,30,4822416,1560912,1,previous-scipy,866f83edad8586a42a739094e488f45242b72c95,ok,True,1,12.590153500001179
2d-global-30x,2,global,30,4822416,1560912,1,previous-pymedphys,866f83edad8586a42a739094e488f45242b72c95,ok,True,1,8.43616540000221
2d-global-30x,2,global,30,4822416,1560912,1,current-scipy,e3baff7b9f6047bff77ea4603623540f5eecf45a,ok,True,1,12.056240900004923
2d-global-30x,2,global,30,4822416,1560912,2,previous-scipy,866f83edad8586a42a739094e488f45242b72c95,ok,True,1,12.650959200000216
2d-global-30x,2,global,30,4822416,1560912,2,current-scipy,e3baff7b9f6047bff77ea4603623540f5eecf45a,ok,True,1,12.641187300003367
2d-global-30x,2,global,30,4822416,1560912,2,current-pymedphys,e3baff7b9f6047bff77ea4603623540f5eecf45a,ok,True,1,6.62958489999437
2d-global-30x,2,global,30,4822416,1560912,2,previous-pymedphys,866f83edad8586a42a739094e488f45242b72c95,ok,True,1,8.144926699998905
2d-global-30x,2,global,30,4822416,1560912,3,current-scipy,e3baff7b9f6047bff77ea4603623540f5eecf45a,ok,True,1,12.887681500003964
2d-global-30x,2,global,30,4822416,1560912,3,previous-pymedphys,866f83edad8586a42a739094e488f45242b72c95,ok,True,1,8.227899099998467
2d-global-30x,2,global,30,4822416,1560912,3,previous-scipy,866f83edad8586a42a739094e488f45242b72c95,ok,True,1,12.949332600001071
2d-global-30x,2,global,30,4822416,1560912,3,current-pymedphys,e3baff7b9f6047bff77ea4603623540f5eecf45a,ok,True,1,6.674232099998335
2d-global-100x,2,global,100,16080100,5208352,0,previous-pymedphys,866f83edad8586a42a739094e488f45242b72c95,ok,True,1,29.97744799999782
2d-global-100x,2,global,100,16080100,5208352,0,current-pymedphys,e3baff7b9f6047bff77ea4603623540f5eecf45a,ok,True,1,23.468390300004103
2d-global-100x,2,global,100,16080100,5208352,0,current-scipy,e3baff7b9f6047bff77ea4603623540f5eecf45a,ok,True,1,43.68831350000255
2d-global-100x,2,global,100,16080100,5208352,0,previous-scipy,866f83edad8586a42a739094e488f45242b72c95,ok,True,1,44.43481089999841
2d-global-100x,2,global,100,16080100,5208352,1,current-pymedphys,e3baff7b9f6047bff77ea4603623540f5eecf45a,ok,True,1,24.441218499996467
2d-global-100x,2,global,100,16080100,5208352,1,previous-scipy,866f83edad8586a42a739094e488f45242b72c95,ok,True,1,44.851040700006706
2d-global-100x,2,global,100,16080100,5208352,1,previous-pymedphys,866f83edad8586a42a739094e488f45242b72c95,ok,True,1,28.49453860000358
2d-global-100x,2,global,100,16080100,5208352,1,current-scipy,e3baff7b9f6047bff77ea4603623540f5eecf45a,ok,True,1,42.53323200000159
2d-global-100x,2,global,100,16080100,5208352,2,previous-scipy,866f83edad8586a42a739094e488f45242b72c95,ok,True,1,44.43158889999904
2d-global-100x,2,global,100,16080100,5208352,2,current-scipy,e3baff7b9f6047bff77ea4603623540f5eecf45a,ok,True,1,43.52123030000075
2d-global-100x,2,global,100,16080100,5208352,2,current-pymedphys,e3baff7b9f6047bff77ea4603623540f5eecf45a,ok,True,1,23.712354800001776
2d-global-100x,2,global,100,16080100,5208352,2,previous-pymedphys,866f83edad8586a42a739094e488f45242b72c95,ok,True,1,29.76829500000167
2d-global-100x,2,global,100,16080100,5208352,3,current-scipy,e3baff7b9f6047bff77ea4603623540f5eecf45a,ok,True,1,45.61096969999926
2d-global-100x,2,global,100,16080100,5208352,3,previous-pymedphys,866f83edad8586a42a739094e488f45242b72c95,ok,True,1,28.83712319999904
2d-global-100x,2,global,100,16080100,5208352,3,previous-scipy,866f83edad8586a42a739094e488f45242b72c95,ok,True,1,44.03323850000015
2d-global-100x,2,global,100,16080100,5208352,3,current-pymedphys,e3baff7b9f6047bff77ea4603623540f5eecf45a,ok,True,1,23.610566299998027
2d-cap2-1x,2,cap2,1,160801,51885,0,previous-pymedphys,866f83edad8586a42a739094e488f45242b72c95,ok,True,1,0.2830848000012338
2d-cap2-1x,2,cap2,1,160801,51885,0,current-pymedphys,e3baff7b9f6047bff77ea4603623540f5eecf45a,ok,True,1,0.22343390000605723
2d-cap2-1x,2,cap2,1,160801,51885,0,current-scipy,e3baff7b9f6047bff77ea4603623540f5eecf45a,ok,True,1,0.4154530000014347
2d-cap2-1x,2,cap2,1,160801,51885,0,previous-scipy,866f83edad8586a42a739094e488f45242b72c95,ok,True,1,0.4038096000003861
2d-cap2-1x,2,cap2,1,160801,51885,1,current-pymedphys,e3baff7b9f6047bff77ea4603623540f5eecf45a,ok,True,1,0.22139540000353009
2d-cap2-1x,2,cap2,1,160801,51885,1,previous-scipy,866f83edad8586a42a739094e488f45242b72c95,ok,True,1,0.44398289999662666
2d-cap2-1x,2,cap2,1,160801,51885,1,previous-pymedphys,866f83edad8586a42a739094e488f45242b72c95,ok,True,1,0.2910436000020127
2d-cap2-1x,2,cap2,1,160801,51885,1,current-scipy,e3baff7b9f6047bff77ea4603623540f5eecf45a,ok,True,1,0.4545280000020284
2d-cap2-1x,2,cap2,1,160801,51885,2,previous-scipy,866f83edad8586a42a739094e488f45242b72c95,ok,True,1,0.4056960000016261
2d-cap2-1x,2,cap2,1,160801,51885,2,current-scipy,e3baff7b9f6047bff77ea4603623540f5eecf45a,ok,True,1,0.43767839999782154
2d-cap2-1x,2,cap2,1,160801,51885,2,current-pymedphys,e3baff7b9f6047bff77ea4603623540f5eecf45a,ok,True,1,0.22374159999890253
2d-cap2-1x,2,cap2,1,160801,51885,2,previous-pymedphys,866f83edad8586a42a739094e488f45242b72c95,ok,True,1,0.27995930000179214
2d-cap2-1x,2,cap2,1,160801,51885,3,current-scipy,e3baff7b9f6047bff77ea4603623540f5eecf45a,ok,True,1,0.3780091000007815
2d-cap2-1x,2,cap2,1,160801,51885,3,previous-pymedphys,866f83edad8586a42a739094e488f45242b72c95,ok,True,1,0.2786067999986699
2d-cap2-1x,2,cap2,1,160801,51885,3,previous-scipy,866f83edad8586a42a739094e488f45242b72c95,ok,True,1,0.4266349999961676
2d-cap2-1x,2,cap2,1,160801,51885,3,current-pymedphys,e3baff7b9f6047bff77ea4603623540f5eecf45a,ok,True,1,0.22263479999674018
2d-cap2-3x,2,cap2,3,481636,155800,0,previous-pymedphys,866f83edad8586a42a739094e488f45242b72c95,ok,True,1,0.8393914000043878
2d-cap2-3x,2,cap2,3,481636,155800,0,current-pymedphys,e3baff7b9f6047bff77ea4603623540f5eecf45a,ok,True,1,0.6637621000045328
2d-cap2-3x,2,cap2,3,481636,155800,0,current-scipy,e3baff7b9f6047bff77ea4603623540f5eecf45a,ok,True,1,1.2173277999972925
2d-cap2-3x,2,cap2,3,481636,155800,0,previous-scipy,866f83edad8586a42a739094e488f45242b72c95,ok,True,1,1.2482957000029273
2d-cap2-3x,2,cap2,3,481636,155800,1,current-pymedphys,e3baff7b9f6047bff77ea4603623540f5eecf45a,ok,True,1,0.688494099995296
2d-cap2-3x,2,cap2,3,481636,155800,1,previous-scipy,866f83edad8586a42a739094e488f45242b72c95,ok,True,1,1.2428207999982988
2d-cap2-3x,2,cap2,3,481636,155800,1,previous-pymedphys,866f83edad8586a42a739094e488f45242b72c95,ok,True,1,0.8387640000000829
2d-cap2-3x,2,cap2,3,481636,155800,1,current-scipy,e3baff7b9f6047bff77ea4603623540f5eecf45a,ok,True,1,1.2442961999986437
2d-cap2-3x,2,cap2,3,481636,155800,2,previous-scipy,866f83edad8586a42a739094e488f45242b72c95,ok,True,1,1.2559642999985954
2d-cap2-3x,2,cap2,3,481636,155800,2,current-scipy,e3baff7b9f6047bff77ea4603623540f5eecf45a,ok,True,1,1.2244584000000032
2d-cap2-3x,2,cap2,3,481636,155800,2,current-pymedphys,e3baff7b9f6047bff77ea4603623540f5eecf45a,ok,True,1,0.7397682000009809
2d-cap2-3x,2,cap2,3,481636,155800,2,previous-pymedphys,866f83edad8586a42a739094e488f45242b72c95,ok,True,1,0.8452008000022033
2d-cap2-3x,2,cap2,3,481636,155800,3,current-scipy,e3baff7b9f6047bff77ea4603623540f5eecf45a,ok,True,1,1.3684782999989693
2d-cap2-3x,2,cap2,3,481636,155800,3,previous-pymedphys,866f83edad8586a42a739094e488f45242b72c95,ok,True,1,0.8011188000018592
2d-cap2-3x,2,cap2,3,481636,155800,3,previous-scipy,866f83edad8586a42a739094e488f45242b72c95,ok,True,1,1.1615711000049487
2d-cap2-3x,2,cap2,3,481636,155800,3,current-pymedphys,e3baff7b9f6047bff77ea4603623540f5eecf45a,ok,True,1,0.6552530999979354
2d-cap2-10x,2,cap2,10,1607824,520308,0,previous-pymedphys,866f83edad8586a42a739094e488f45242b72c95,ok,True,1,2.784124799996789
2d-cap2-10x,2,cap2,10,1607824,520308,0,current-pymedphys,e3baff7b9f6047bff77ea4603623540f5eecf45a,ok,True,1,2.3684410999994725
2d-cap2-10x,2,cap2,10,1607824,520308,0,current-scipy,e3baff7b9f6047bff77ea4603623540f5eecf45a,ok,True,1,4.401175000006333
2d-cap2-10x,2,cap2,10,1607824,520308,0,previous-scipy,866f83edad8586a42a739094e488f45242b72c95,ok,True,1,4.458062700003211
2d-cap2-10x,2,cap2,10,1607824,520308,1,current-pymedphys,e3baff7b9f6047bff77ea4603623540f5eecf45a,ok,True,1,2.0971586000014213
2d-cap2-10x,2,cap2,10,1607824,520308,1,previous-scipy,866f83edad8586a42a739094e488f45242b72c95,ok,True,1,4.380416200001491
2d-cap2-10x,2,cap2,10,1607824,520308,1,previous-pymedphys,866f83edad8586a42a739094e488f45242b72c95,ok,True,1,2.692192900001828
2d-cap2-10x,2,cap2,10,1607824,520308,1,current-scipy,e3baff7b9f6047bff77ea4603623540f5eecf45a,ok,True,1,4.288548299999093
2d-cap2-10x,2,cap2,10,1607824,520308,2,previous-scipy,866f83edad8586a42a739094e488f45242b72c95,ok,True,1,3.944703199995274
2d-cap2-10x,2,cap2,10,1607824,520308,2,current-scipy,e3baff7b9f6047bff77ea4603623540f5eecf45a,ok,True,1,4.2386592000038945
2d-cap2-10x,2,cap2,10,1607824,520308,2,current-pymedphys,e3baff7b9f6047bff77ea4603623540f5eecf45a,ok,True,1,2.1001599000010174
2d-cap2-10x,2,cap2,10,1607824,520308,2,previous-pymedphys,866f83edad8586a42a739094e488f45242b72c95,ok,True,1,2.6705413999952725
2d-cap2-10x,2,cap2,10,1607824,520308,3,current-scipy,e3baff7b9f6047bff77ea4603623540f5eecf45a,ok,True,1,4.0227020000020275
2d-cap2-10x,2,cap2,10,1607824,520308,3,previous-pymedphys,866f83edad8586a42a739094e488f45242b72c95,ok,True,1,2.4809741000062786
2d-cap2-10x,2,cap2,10,1607824,520308,3,previous-scipy,866f83edad8586a42a739094e488f45242b72c95,ok,True,1,4.217135899998539
2d-cap2-10x,2,cap2,10,1607824,520308,3,current-pymedphys,e3baff7b9f6047bff77ea4603623540f5eecf45a,ok,True,1,2.0839970000015455
2d-cap2-30x,2,cap2,30,4822416,1560912,0,previous-pymedphys,866f83edad8586a42a739094e488f45242b72c95,ok,True,1,8.168285100000503
2d-cap2-30x,2,cap2,30,4822416,1560912,0,current-pymedphys,e3baff7b9f6047bff77ea4603623540f5eecf45a,ok,True,1,6.596722499998577
2d-cap2-30x,2,cap2,30,4822416,1560912,0,current-scipy,e3baff7b9f6047bff77ea4603623540f5eecf45a,ok,True,1,12.327624800003832
2d-cap2-30x,2,cap2,30,4822416,1560912,0,previous-scipy,866f83edad8586a42a739094e488f45242b72c95,ok,True,1,12.759449199998926
2d-cap2-30x,2,cap2,30,4822416,1560912,1,current-pymedphys,e3baff7b9f6047bff77ea4603623540f5eecf45a,ok,True,1,6.650141699996311
2d-cap2-30x,2,cap2,30,4822416,1560912,1,previous-scipy,866f83edad8586a42a739094e488f45242b72c95,ok,True,1,12.837195100000827
2d-cap2-30x,2,cap2,30,4822416,1560912,1,previous-pymedphys,866f83edad8586a42a739094e488f45242b72c95,ok,True,1,8.10801779999747
2d-cap2-30x,2,cap2,30,4822416,1560912,1,current-scipy,e3baff7b9f6047bff77ea4603623540f5eecf45a,ok,True,1,13.271123299993633
2d-cap2-30x,2,cap2,30,4822416,1560912,2,previous-scipy,866f83edad8586a42a739094e488f45242b72c95,ok,True,1,12.747032200000831
2d-cap2-30x,2,cap2,30,4822416,1560912,2,current-scipy,e3baff7b9f6047bff77ea4603623540f5eecf45a,ok,True,1,12.901162400004978
2d-cap2-30x,2,cap2,30,4822416,1560912,2,current-pymedphys,e3baff7b9f6047bff77ea4603623540f5eecf45a,ok,True,1,6.8215001999997185
2d-cap2-30x,2,cap2,30,4822416,1560912,2,previous-pymedphys,866f83edad8586a42a739094e488f45242b72c95,ok,True,1,8.127080999998725
2d-cap2-30x,2,cap2,30,4822416,1560912,3,current-scipy,e3baff7b9f6047bff77ea4603623540f5eecf45a,ok,True,1,12.798825199999555
2d-cap2-30x,2,cap2,30,4822416,1560912,3,previous-pymedphys,866f83edad8586a42a739094e488f45242b72c95,ok,True,1,8.244207199997618
2d-cap2-30x,2,cap2,30,4822416,1560912,3,previous-scipy,866f83edad8586a42a739094e488f45242b72c95,ok,True,1,12.73531820000062
2d-cap2-30x,2,cap2,30,4822416,1560912,3,current-pymedphys,e3baff7b9f6047bff77ea4603623540f5eecf45a,ok,True,1,6.627615099998366
2d-cap2-100x,2,cap2,100,16080100,5208352,0,previous-pymedphys,866f83edad8586a42a739094e488f45242b72c95,ok,True,1,30.695220199995674
2d-cap2-100x,2,cap2,100,16080100,5208352,0,current-pymedphys,e3baff7b9f6047bff77ea4603623540f5eecf45a,ok,True,1,24.585830699994403
2d-cap2-100x,2,cap2,100,16080100,5208352,0,current-scipy,e3baff7b9f6047bff77ea4603623540f5eecf45a,ok,True,1,43.48000930000126
2d-cap2-100x,2,cap2,100,16080100,5208352,0,previous-scipy,866f83edad8586a42a739094e488f45242b72c95,ok,True,1,44.175976999998966
2d-cap2-100x,2,cap2,100,16080100,5208352,1,current-pymedphys,e3baff7b9f6047bff77ea4603623540f5eecf45a,ok,True,1,23.392636800002947
2d-cap2-100x,2,cap2,100,16080100,5208352,1,previous-scipy,866f83edad8586a42a739094e488f45242b72c95,ok,True,1,44.49113109999598
2d-cap2-100x,2,cap2,100,16080100,5208352,1,previous-pymedphys,866f83edad8586a42a739094e488f45242b72c95,ok,True,1,29.573349700003746
2d-cap2-100x,2,cap2,100,16080100,5208352,1,current-scipy,e3baff7b9f6047bff77ea4603623540f5eecf45a,ok,True,1,43.59039659999689
2d-cap2-100x,2,cap2,100,16080100,5208352,2,previous-scipy,866f83edad8586a42a739094e488f45242b72c95,ok,True,1,42.66808519999904
2d-cap2-100x,2,cap2,100,16080100,5208352,2,current-scipy,e3baff7b9f6047bff77ea4603623540f5eecf45a,ok,True,1,42.12968759999785
2d-cap2-100x,2,cap2,100,16080100,5208352,2,current-pymedphys,e3baff7b9f6047bff77ea4603623540f5eecf45a,ok,True,1,23.499761700004456
2d-cap2-100x,2,cap2,100,16080100,5208352,2,previous-pymedphys,866f83edad8586a42a739094e488f45242b72c95,ok,True,1,28.195052099996246
2d-cap2-100x,2,cap2,100,16080100,5208352,3,current-scipy,e3baff7b9f6047bff77ea4603623540f5eecf45a,ok,True,1,43.65527579999616
2d-cap2-100x,2,cap2,100,16080100,5208352,3,previous-pymedphys,866f83edad8586a42a739094e488f45242b72c95,ok,True,1,30.006103699997766
2d-cap2-100x,2,cap2,100,16080100,5208352,3,previous-scipy,866f83edad8586a42a739094e488f45242b72c95,ok,True,1,42.91795780000393
2d-cap2-100x,2,cap2,100,16080100,5208352,3,current-pymedphys,e3baff7b9f6047bff77ea4603623540f5eecf45a,ok,True,1,24.589569600000686
2d-local-1x,2,local,1,160801,51885,0,previous-pymedphys,866f83edad8586a42a739094e488f45242b72c95,ok,True,1,0.7370111999989604
2d-local-1x,2,local,1,160801,51885,0,current-pymedphys,e3baff7b9f6047bff77ea4603623540f5eecf45a,ok,True,1,0.5671461000019917
2d-local-1x,2,local,1,160801,51885,0,current-scipy,e3baff7b9f6047bff77ea4603623540f5eecf45a,ok,True,1,1.010355599995819
2d-local-1x,2,local,1,160801,51885,0,previous-scipy,866f83edad8586a42a739094e488f45242b72c95,ok,True,1,1.119843899999978
2d-local-1x,2,local,1,160801,51885,1,current-pymedphys,e3baff7b9f6047bff77ea4603623540f5eecf45a,ok,True,1,0.5757388999991235
2d-local-1x,2,local,1,160801,51885,1,previous-scipy,866f83edad8586a42a739094e488f45242b72c95,ok,True,1,1.2045141999988118
2d-local-1x,2,local,1,160801,51885,1,previous-pymedphys,866f83edad8586a42a739094e488f45242b72c95,ok,True,1,0.722838599998795
2d-local-1x,2,local,1,160801,51885,1,current-scipy,e3baff7b9f6047bff77ea4603623540f5eecf45a,ok,True,1,1.1610657999990508
2d-local-1x,2,local,1,160801,51885,2,previous-scipy,866f83edad8586a42a739094e488f45242b72c95,ok,True,1,1.1542182999983197
2d-local-1x,2,local,1,160801,51885,2,current-scipy,e3baff7b9f6047bff77ea4603623540f5eecf45a,ok,True,1,1.1808065000004717
2d-local-1x,2,local,1,160801,51885,2,current-pymedphys,e3baff7b9f6047bff77ea4603623540f5eecf45a,ok,True,1,0.6304722000058973
2d-local-1x,2,local,1,160801,51885,2,previous-pymedphys,866f83edad8586a42a739094e488f45242b72c95,ok,True,1,0.8805463000026066
2d-local-1x,2,local,1,160801,51885,3,current-scipy,e3baff7b9f6047bff77ea4603623540f5eecf45a,ok,True,1,1.106495799998811
2d-local-1x,2,local,1,160801,51885,3,previous-pymedphys,866f83edad8586a42a739094e488f45242b72c95,ok,True,1,0.7486466000045766
2d-local-1x,2,local,1,160801,51885,3,previous-scipy,866f83edad8586a42a739094e488f45242b72c95,ok,True,1,1.0041767000002437
2d-local-1x,2,local,1,160801,51885,3,current-pymedphys,e3baff7b9f6047bff77ea4603623540f5eecf45a,ok,True,1,0.6394690000015544
2d-local-3x,2,local,3,481636,155800,0,previous-pymedphys,866f83edad8586a42a739094e488f45242b72c95,ok,True,1,2.483213400002569
2d-local-3x,2,local,3,481636,155800,0,current-pymedphys,e3baff7b9f6047bff77ea4603623540f5eecf45a,ok,True,1,1.804045100005169
2d-local-3x,2,local,3,481636,155800,0,current-scipy,e3baff7b9f6047bff77ea4603623540f5eecf45a,ok,True,1,3.571696700004395
2d-local-3x,2,local,3,481636,155800,0,previous-scipy,866f83edad8586a42a739094e488f45242b72c95,ok,True,1,3.4106539000058547
2d-local-3x,2,local,3,481636,155800,1,current-pymedphys,e3baff7b9f6047bff77ea4603623540f5eecf45a,ok,True,1,1.508985999993456
2d-local-3x,2,local,3,481636,155800,1,previous-scipy,866f83edad8586a42a739094e488f45242b72c95,ok,True,1,3.4212788000004366
2d-local-3x,2,local,3,481636,155800,1,previous-pymedphys,866f83edad8586a42a739094e488f45242b72c95,ok,True,1,1.8139336000022013
2d-local-3x,2,local,3,481636,155800,1,current-scipy,e3baff7b9f6047bff77ea4603623540f5eecf45a,ok,True,1,3.3515904000014416
2d-local-3x,2,local,3,481636,155800,2,previous-scipy,866f83edad8586a42a739094e488f45242b72c95,ok,True,1,3.423041200003354
2d-local-3x,2,local,3,481636,155800,2,current-scipy,e3baff7b9f6047bff77ea4603623540f5eecf45a,ok,True,1,3.507498899998609
2d-local-3x,2,local,3,481636,155800,2,current-pymedphys,e3baff7b9f6047bff77ea4603623540f5eecf45a,ok,True,1,1.6589305999950739
2d-local-3x,2,local,3,481636,155800,2,previous-pymedphys,866f83edad8586a42a739094e488f45242b72c95,ok,True,1,2.0641122000015457
2d-local-3x,2,local,3,481636,155800,3,current-scipy,e3baff7b9f6047bff77ea4603623540f5eecf45a,ok,True,1,3.3932807999954093
2d-local-3x,2,local,3,481636,155800,3,previous-pymedphys,866f83edad8586a42a739094e488f45242b72c95,ok,True,1,2.182649800000945
2d-local-3x,2,local,3,481636,155800,3,previous-scipy,866f83edad8586a42a739094e488f45242b72c95,ok,True,1,3.4161831000019447
2d-local-3x,2,local,3,481636,155800,3,current-pymedphys,e3baff7b9f6047bff77ea4603623540f5eecf45a,ok,True,1,1.7717007999963243
2d-local-10x,2,local,10,1607824,520308,0,previous-pymedphys,866f83edad8586a42a739094e488f45242b72c95,ok,True,1,6.798354399994423
2d-local-10x,2,local,10,1607824,520308,0,current-pymedphys,e3baff7b9f6047bff77ea4603623540f5eecf45a,ok,True,1,5.54584690000047
2d-local-10x,2,local,10,1607824,520308,0,current-scipy,e3baff7b9f6047bff77ea4603623540f5eecf45a,ok,True,1,11.634560800004692
2d-local-10x,2,local,10,1607824,520308,0,previous-scipy,866f83edad8586a42a739094e488f45242b72c95,ok,True,1,11.30535719999898
2d-local-10x,2,local,10,1607824,520308,1,current-pymedphys,e3baff7b9f6047bff77ea4603623540f5eecf45a,ok,True,1,5.669968399997742
2d-local-10x,2,local,10,1607824,520308,1,previous-scipy,866f83edad8586a42a739094e488f45242b72c95,ok,True,1,10.975860300000932
2d-local-10x,2,local,10,1607824,520308,1,previous-pymedphys,866f83edad8586a42a739094e488f45242b72c95,ok,True,1,7.033085000002757
2d-local-10x,2,local,10,1607824,520308,1,current-scipy,e3baff7b9f6047bff77ea4603623540f5eecf45a,ok,True,1,10.79171679999854
2d-local-10x,2,local,10,1607824,520308,2,previous-scipy,866f83edad8586a42a739094e488f45242b72c95,ok,True,1,11.53904369999509
2d-local-10x,2,local,10,1607824,520308,2,current-scipy,e3baff7b9f6047bff77ea4603623540f5eecf45a,ok,True,1,11.786453499997151
2d-local-10x,2,local,10,1607824,520308,2,current-pymedphys,e3baff7b9f6047bff77ea4603623540f5eecf45a,ok,True,1,5.613417900000059
2d-local-10x,2,local,10,1607824,520308,2,previous-pymedphys,866f83edad8586a42a739094e488f45242b72c95,ok,True,1,7.084015400003409
2d-local-10x,2,local,10,1607824,520308,3,current-scipy,e3baff7b9f6047bff77ea4603623540f5eecf45a,ok,True,1,11.349733700000797
2d-local-10x,2,local,10,1607824,520308,3,previous-pymedphys,866f83edad8586a42a739094e488f45242b72c95,ok,True,1,6.854585900000529
2d-local-10x,2,local,10,1607824,520308,3,previous-scipy,866f83edad8586a42a739094e488f45242b72c95,ok,True,1,11.36543679999886
2d-local-10x,2,local,10,1607824,520308,3,current-pymedphys,e3baff7b9f6047bff77ea4603623540f5eecf45a,ok,True,1,5.399210700001277
2d-local-30x,2,local,30,4822416,1560912,0,previous-pymedphys,866f83edad8586a42a739094e488f45242b72c95,ok,True,1,21.894466500001727
2d-local-30x,2,local,30,4822416,1560912,0,current-pymedphys,e3baff7b9f6047bff77ea4603623540f5eecf45a,ok,True,1,17.516386299997976
2d-local-30x,2,local,30,4822416,1560912,0,current-scipy,e3baff7b9f6047bff77ea4603623540f5eecf45a,ok,True,1,33.94617819999985
2d-local-30x,2,local,30,4822416,1560912,0,previous-scipy,866f83edad8586a42a739094e488f45242b72c95,ok,True,1,34.95359279999684
2d-local-30x,2,local,30,4822416,1560912,1,current-pymedphys,e3baff7b9f6047bff77ea4603623540f5eecf45a,ok,True,1,17.878870699998515
2d-local-30x,2,local,30,4822416,1560912,1,previous-scipy,866f83edad8586a42a739094e488f45242b72c95,ok,True,1,33.30213840000215
2d-local-30x,2,local,30,4822416,1560912,1,previous-pymedphys,866f83edad8586a42a739094e488f45242b72c95,ok,True,1,22.739321699998982
2d-local-30x,2,local,30,4822416,1560912,1,current-scipy,e3baff7b9f6047bff77ea4603623540f5eecf45a,ok,True,1,34.064302599996154
2d-local-30x,2,local,30,4822416,1560912,2,previous-scipy,866f83edad8586a42a739094e488f45242b72c95,ok,True,1,33.99031609999656
2d-local-30x,2,local,30,4822416,1560912,2,current-scipy,e3baff7b9f6047bff77ea4603623540f5eecf45a,ok,True,1,33.94165179999982
2d-local-30x,2,local,30,4822416,1560912,2,current-pymedphys,e3baff7b9f6047bff77ea4603623540f5eecf45a,ok,True,1,18.605318499998248
2d-local-30x,2,local,30,4822416,1560912,2,previous-pymedphys,866f83edad8586a42a739094e488f45242b72c95,ok,True,1,24.04077729999699
2d-local-30x,2,local,30,4822416,1560912,3,current-scipy,e3baff7b9f6047bff77ea4603623540f5eecf45a,ok,True,1,33.927693899997394
2d-local-30x,2,local,30,4822416,1560912,3,previous-pymedphys,866f83edad8586a42a739094e488f45242b72c95,ok,True,1,24.257860400000936
2d-local-30x,2,local,30,4822416,1560912,3,previous-scipy,866f83edad8586a42a739094e488f45242b72c95,ok,True,1,33.98668909999833
2d-local-30x,2,local,30,4822416,1560912,3,current-pymedphys,e3baff7b9f6047bff77ea4603623540f5eecf45a,ok,True,1,19.349540199997136
2d-local-100x,2,local,100,16080100,5208352,0,previous-pymedphys,866f83edad8586a42a739094e488f45242b72c95,ok,True,1,78.64441799999622
2d-local-100x,2,local,100,16080100,5208352,0,current-pymedphys,e3baff7b9f6047bff77ea4603623540f5eecf45a,ok,True,1,61.71741969999857
2d-local-100x,2,local,100,16080100,5208352,0,current-scipy,e3baff7b9f6047bff77ea4603623540f5eecf45a,ok,True,1,115.04995179999969
2d-local-100x,2,local,100,16080100,5208352,0,previous-scipy,866f83edad8586a42a739094e488f45242b72c95,ok,True,1,113.67107670000405
2d-local-100x,2,local,100,16080100,5208352,1,current-pymedphys,e3baff7b9f6047bff77ea4603623540f5eecf45a,ok,True,1,59.691388899998856
2d-local-100x,2,local,100,16080100,5208352,1,previous-scipy,866f83edad8586a42a739094e488f45242b72c95,ok,True,1,112.86662809999689
2d-local-100x,2,local,100,16080100,5208352,1,previous-pymedphys,866f83edad8586a42a739094e488f45242b72c95,ok,True,1,74.39731530000427
2d-local-100x,2,local,100,16080100,5208352,1,current-scipy,e3baff7b9f6047bff77ea4603623540f5eecf45a,ok,True,1,111.13696540000092
2d-local-100x,2,local,100,16080100,5208352,2,previous-scipy,866f83edad8586a42a739094e488f45242b72c95,ok,True,1,113.16324620000523
2d-local-100x,2,local,100,16080100,5208352,2,current-scipy,e3baff7b9f6047bff77ea4603623540f5eecf45a,ok,True,1,112.08671609999874
2d-local-100x,2,local,100,16080100,5208352,2,current-pymedphys,e3baff7b9f6047bff77ea4603623540f5eecf45a,ok,True,1,59.42030180000438
2d-local-100x,2,local,100,16080100,5208352,2,previous-pymedphys,866f83edad8586a42a739094e488f45242b72c95,ok,True,1,73.76801930000511
2d-local-100x,2,local,100,16080100,5208352,3,current-scipy,e3baff7b9f6047bff77ea4603623540f5eecf45a,ok,True,1,112.40066419999494
2d-local-100x,2,local,100,16080100,5208352,3,previous-pymedphys,866f83edad8586a42a739094e488f45242b72c95,ok,True,1,74.20285880000301
2d-local-100x,2,local,100,16080100,5208352,3,previous-scipy,866f83edad8586a42a739094e488f45242b72c95,ok,True,1,111.41462129999854
2d-local-100x,2,local,100,16080100,5208352,3,current-pymedphys,e3baff7b9f6047bff77ea4603623540f5eecf45a,ok,True,1,61.58891109999968
3d-global-1x,3,global,1,133209,60101,0,previous-pymedphys,866f83edad8586a42a739094e488f45242b72c95,ok,True,1,2.6477605999971274
3d-global-1x,3,global,1,133209,60101,0,current-pymedphys,e3baff7b9f6047bff77ea4603623540f5eecf45a,ok,True,1,1.9690184999999474
3d-global-1x,3,global,1,133209,60101,0,current-scipy,e3baff7b9f6047bff77ea4603623540f5eecf45a,ok,True,1,10.657989200000884
3d-global-1x,3,global,1,133209,60101,0,previous-scipy,866f83edad8586a42a739094e488f45242b72c95,ok,True,1,10.94070549999742
3d-global-1x,3,global,1,133209,60101,1,current-pymedphys,e3baff7b9f6047bff77ea4603623540f5eecf45a,ok,True,1,1.836586299999908
3d-global-1x,3,global,1,133209,60101,1,previous-scipy,866f83edad8586a42a739094e488f45242b72c95,ok,True,1,11.150257000001147
3d-global-1x,3,global,1,133209,60101,1,previous-pymedphys,866f83edad8586a42a739094e488f45242b72c95,ok,True,1,2.663252000005741
3d-global-1x,3,global,1,133209,60101,1,current-scipy,e3baff7b9f6047bff77ea4603623540f5eecf45a,ok,True,1,10.955422400002135
3d-global-1x,3,global,1,133209,60101,2,previous-scipy,866f83edad8586a42a739094e488f45242b72c95,ok,True,1,10.252910700000939
3d-global-1x,3,global,1,133209,60101,2,current-scipy,e3baff7b9f6047bff77ea4603623540f5eecf45a,ok,True,1,10.81087710000429
3d-global-1x,3,global,1,133209,60101,2,current-pymedphys,e3baff7b9f6047bff77ea4603623540f5eecf45a,ok,True,1,1.839089499997499
3d-global-1x,3,global,1,133209,60101,2,previous-pymedphys,866f83edad8586a42a739094e488f45242b72c95,ok,True,1,2.6791798999984167
3d-global-1x,3,global,1,133209,60101,3,current-scipy,e3baff7b9f6047bff77ea4603623540f5eecf45a,ok,True,1,10.483216699998593
3d-global-1x,3,global,1,133209,60101,3,previous-pymedphys,866f83edad8586a42a739094e488f45242b72c95,ok,True,1,2.716954800001986
3d-global-1x,3,global,1,133209,60101,3,previous-scipy,866f83edad8586a42a739094e488f45242b72c95,ok,True,1,10.432250700003351
3d-global-1x,3,global,1,133209,60101,3,current-pymedphys,e3baff7b9f6047bff77ea4603623540f5eecf45a,ok,True,1,1.958151099999668
3d-global-3x,3,global,3,396716,181080,0,previous-pymedphys,866f83edad8586a42a739094e488f45242b72c95,ok,True,1,8.342495199998666
3d-global-3x,3,global,3,396716,181080,0,current-pymedphys,e3baff7b9f6047bff77ea4603623540f5eecf45a,ok,True,1,5.399689399993804
3d-global-3x,3,global,3,396716,181080,0,current-scipy,e3baff7b9f6047bff77ea4603623540f5eecf45a,ok,True,1,31.64833930000168
3d-global-3x,3,global,3,396716,181080,0,previous-scipy,866f83edad8586a42a739094e488f45242b72c95,ok,True,1,31.981701999997313
3d-global-3x,3,global,3,396716,181080,1,current-pymedphys,e3baff7b9f6047bff77ea4603623540f5eecf45a,ok,True,1,5.805435899994336
3d-global-3x,3,global,3,396716,181080,1,previous-scipy,866f83edad8586a42a739094e488f45242b72c95,ok,True,1,31.419420199999877
3d-global-3x,3,global,3,396716,181080,1,previous-pymedphys,866f83edad8586a42a739094e488f45242b72c95,ok,True,1,8.144279400003143
3d-global-3x,3,global,3,396716,181080,1,current-scipy,e3baff7b9f6047bff77ea4603623540f5eecf45a,ok,True,1,31.276158500004385
3d-global-3x,3,global,3,396716,181080,2,previous-scipy,866f83edad8586a42a739094e488f45242b72c95,ok,True,1,31.402219600000535
3d-global-3x,3,global,3,396716,181080,2,current-scipy,e3baff7b9f6047bff77ea4603623540f5eecf45a,ok,True,1,30.53039539999736
3d-global-3x,3,global,3,396716,181080,2,current-pymedphys,e3baff7b9f6047bff77ea4603623540f5eecf45a,ok,True,1,5.574064899999939
3d-global-3x,3,global,3,396716,181080,2,previous-pymedphys,866f83edad8586a42a739094e488f45242b72c95,ok,True,1,7.980864500001189
3d-global-3x,3,global,3,396716,181080,3,current-scipy,e3baff7b9f6047bff77ea4603623540f5eecf45a,ok,True,1,31.46640710000065
3d-global-3x,3,global,3,396716,181080,3,previous-pymedphys,866f83edad8586a42a739094e488f45242b72c95,ok,True,1,7.917119699995965
3d-global-3x,3,global,3,396716,181080,3,previous-scipy,866f83edad8586a42a739094e488f45242b72c95,ok,True,1,31.101681899999676
3d-global-3x,3,global,3,396716,181080,3,current-pymedphys,e3baff7b9f6047bff77ea4603623540f5eecf45a,ok,True,1,5.593331600000965
3d-global-10x,3,global,10,1309792,603080,0,previous-pymedphys,866f83edad8586a42a739094e488f45242b72c95,ok,True,1,26.311781399999745
3d-global-10x,3,global,10,1309792,603080,0,current-pymedphys,e3baff7b9f6047bff77ea4603623540f5eecf45a,ok,True,1,19.021399900004326
3d-global-10x,3,global,10,1309792,603080,0,current-scipy,e3baff7b9f6047bff77ea4603623540f5eecf45a,ok,True,1,104.07118719999562
3d-global-10x,3,global,10,1309792,603080,0,previous-scipy,866f83edad8586a42a739094e488f45242b72c95,ok,True,1,112.45018069999787
3d-global-10x,3,global,10,1309792,603080,1,current-pymedphys,e3baff7b9f6047bff77ea4603623540f5eecf45a,ok,True,1,19.810629799998424
3d-global-10x,3,global,10,1309792,603080,1,previous-scipy,866f83edad8586a42a739094e488f45242b72c95,ok,True,1,107.39153120000265
3d-global-10x,3,global,10,1309792,603080,1,previous-pymedphys,866f83edad8586a42a739094e488f45242b72c95,ok,True,1,26.656453299998248
3d-global-10x,3,global,10,1309792,603080,1,current-scipy,e3baff7b9f6047bff77ea4603623540f5eecf45a,ok,True,1,106.44684780000534
3d-global-10x,3,global,10,1309792,603080,2,previous-scipy,866f83edad8586a42a739094e488f45242b72c95,ok,True,1,106.54504799999995
3d-global-10x,3,global,10,1309792,603080,2,current-scipy,e3baff7b9f6047bff77ea4603623540f5eecf45a,ok,True,1,107.2788142999998
3d-global-10x,3,global,10,1309792,603080,2,current-pymedphys,e3baff7b9f6047bff77ea4603623540f5eecf45a,ok,True,1,19.17934509999759
3d-global-10x,3,global,10,1309792,603080,2,previous-pymedphys,866f83edad8586a42a739094e488f45242b72c95,ok,True,1,27.093666399996437
3d-global-10x,3,global,10,1309792,603080,3,current-scipy,e3baff7b9f6047bff77ea4603623540f5eecf45a,ok,True,1,105.82365359999676
3d-global-10x,3,global,10,1309792,603080,3,previous-pymedphys,866f83edad8586a42a739094e488f45242b72c95,ok,True,1,27.6211398000014
3d-global-10x,3,global,10,1309792,603080,3,previous-scipy,866f83edad8586a42a739094e488f45242b72c95,ok,True,1,110.38303269999597
3d-global-10x,3,global,10,1309792,603080,3,current-pymedphys,e3baff7b9f6047bff77ea4603623540f5eecf45a,ok,True,1,18.821227699998417
3d-global-30x,3,global,30,3978783,1839503,0,previous-pymedphys,866f83edad8586a42a739094e488f45242b72c95,ok,True,1,80.86022370000137
3d-global-30x,3,global,30,3978783,1839503,0,current-pymedphys,e3baff7b9f6047bff77ea4603623540f5eecf45a,ok,True,1,57.933500999999524
3d-global-30x,3,global,30,3978783,1839503,0,current-scipy,e3baff7b9f6047bff77ea4603623540f5eecf45a,ok,True,1,321.89602749999904
3d-global-30x,3,global,30,3978783,1839503,0,previous-scipy,866f83edad8586a42a739094e488f45242b72c95,ok,True,1,332.6414874000038
3d-global-30x,3,global,30,3978783,1839503,1,current-pymedphys,e3baff7b9f6047bff77ea4603623540f5eecf45a,ok,True,1,60.39582419999351
3d-global-30x,3,global,30,3978783,1839503,1,previous-scipy,866f83edad8586a42a739094e488f45242b72c95,ok,True,1,329.4515457999951
3d-global-30x,3,global,30,3978783,1839503,1,previous-pymedphys,866f83edad8586a42a739094e488f45242b72c95,ok,True,1,82.33333670000138
3d-global-30x,3,global,30,3978783,1839503,1,current-scipy,e3baff7b9f6047bff77ea4603623540f5eecf45a,ok,True,1,338.39338549999957
3d-global-30x,3,global,30,3978783,1839503,2,previous-scipy,866f83edad8586a42a739094e488f45242b72c95,ok,True,1,327.9213329999984
3d-global-30x,3,global,30,3978783,1839503,2,current-scipy,e3baff7b9f6047bff77ea4603623540f5eecf45a,ok,True,1,345.5769986000014
3d-global-30x,3,global,30,3978783,1839503,2,current-pymedphys,e3baff7b9f6047bff77ea4603623540f5eecf45a,ok,True,1,61.28486520000297
3d-global-30x,3,global,30,3978783,1839503,2,previous-pymedphys,866f83edad8586a42a739094e488f45242b72c95,ok,True,1,86.01810220000334
3d-global-30x,3,global,30,3978783,1839503,3,current-scipy,e3baff7b9f6047bff77ea4603623540f5eecf45a,ok,True,1,332.4426101000063
3d-global-30x,3,global,30,3978783,1839503,3,previous-pymedphys,866f83edad8586a42a739094e488f45242b72c95,ok,True,1,86.61823690000165
3d-global-30x,3,global,30,3978783,1839503,3,previous-scipy,866f83edad8586a42a739094e488f45242b72c95,ok,True,1,326.41663349999726
3d-global-30x,3,global,30,3978783,1839503,3,current-pymedphys,e3baff7b9f6047bff77ea4603623540f5eecf45a,ok,True,1,59.26372089999495
3d-global-100x,3,global,100,13242240,6149042,0,previous-pymedphys,866f83edad8586a42a739094e488f45242b72c95,ok,True,1,296.4198688000033
3d-global-100x,3,global,100,13242240,6149042,0,current-pymedphys,e3baff7b9f6047bff77ea4603623540f5eecf45a,ok,True,1,210.53023609999946
3d-global-100x,3,global,100,13242240,6149042,0,current-scipy,e3baff7b9f6047bff77ea4603623540f5eecf45a,ok,True,1,1137.0473781999972
3d-global-100x,3,global,100,13242240,6149042,0,previous-scipy,866f83edad8586a42a739094e488f45242b72c95,ok,True,1,1142.6786047999994
3d-global-100x,3,global,100,13242240,6149042,1,current-pymedphys,e3baff7b9f6047bff77ea4603623540f5eecf45a,ok,True,1,216.76696019999508
3d-global-100x,3,global,100,13242240,6149042,1,previous-scipy,866f83edad8586a42a739094e488f45242b72c95,ok,True,1,1163.3528396000038
3d-global-100x,3,global,100,13242240,6149042,1,previous-pymedphys,866f83edad8586a42a739094e488f45242b72c95,ok,True,1,305.20018490000075
3d-global-100x,3,global,100,13242240,6149042,1,current-scipy,e3baff7b9f6047bff77ea4603623540f5eecf45a,ok,True,1,1102.294780600001
3d-global-100x,3,global,100,13242240,6149042,2,previous-scipy,866f83edad8586a42a739094e488f45242b72c95,ok,True,1,1027.8845565999945
3d-global-100x,3,global,100,13242240,6149042,2,current-scipy,e3baff7b9f6047bff77ea4603623540f5eecf45a,ok,True,1,1065.877290999997
3d-global-100x,3,global,100,13242240,6149042,2,current-pymedphys,e3baff7b9f6047bff77ea4603623540f5eecf45a,ok,True,1,206.27376549999462
3d-global-100x,3,global,100,13242240,6149042,2,previous-pymedphys,866f83edad8586a42a739094e488f45242b72c95,ok,True,1,277.34404939999513
3d-global-100x,3,global,100,13242240,6149042,3,current-scipy,e3baff7b9f6047bff77ea4603623540f5eecf45a,ok,True,1,1067.0126010000095
3d-global-100x,3,global,100,13242240,6149042,3,previous-pymedphys,866f83edad8586a42a739094e488f45242b72c95,ok,True,1,282.71819959999993
3d-global-100x,3,global,100,13242240,6149042,3,previous-scipy,866f83edad8586a42a739094e488f45242b72c95,ok,True,1,1058.4281627000018
3d-global-100x,3,global,100,13242240,6149042,3,current-pymedphys,e3baff7b9f6047bff77ea4603623540f5eecf45a,ok,True,1,205.05862110000453
3d-cap2-1x,3,cap2,1,133209,60101,0,previous-pymedphys,866f83edad8586a42a739094e488f45242b72c95,ok,True,1,2.626622600000701
3d-cap2-1x,3,cap2,1,133209,60101,0,current-pymedphys,e3baff7b9f6047bff77ea4603623540f5eecf45a,ok,True,1,1.8404103000066243
3d-cap2-1x,3,cap2,1,133209,60101,0,current-scipy,e3baff7b9f6047bff77ea4603623540f5eecf45a,ok,True,1,10.453721500001848
3d-cap2-1x,3,cap2,1,133209,60101,0,previous-scipy,866f83edad8586a42a739094e488f45242b72c95,ok,True,1,10.767398900003172
3d-cap2-1x,3,cap2,1,133209,60101,1,current-pymedphys,e3baff7b9f6047bff77ea4603623540f5eecf45a,ok,True,1,1.819673199992394
3d-cap2-1x,3,cap2,1,133209,60101,1,previous-scipy,866f83edad8586a42a739094e488f45242b72c95,ok,True,1,9.96629799999937
3d-cap2-1x,3,cap2,1,133209,60101,1,previous-pymedphys,866f83edad8586a42a739094e488f45242b72c95,ok,True,1,2.7145478000020375
3d-cap2-1x,3,cap2,1,133209,60101,1,current-scipy,e3baff7b9f6047bff77ea4603623540f5eecf45a,ok,True,1,10.307546700001694
3d-cap2-1x,3,cap2,1,133209,60101,2,previous-scipy,866f83edad8586a42a739094e488f45242b72c95,ok,True,1,10.622958499996457
3d-cap2-1x,3,cap2,1,133209,60101,2,current-scipy,e3baff7b9f6047bff77ea4603623540f5eecf45a,ok,True,1,10.708633800008101
3d-cap2-1x,3,cap2,1,133209,60101,2,current-pymedphys,e3baff7b9f6047bff77ea4603623540f5eecf45a,ok,True,1,1.860459700008505
3d-cap2-1x,3,cap2,1,133209,60101,2,previous-pymedphys,866f83edad8586a42a739094e488f45242b72c95,ok,True,1,2.788255100007518
3d-cap2-1x,3,cap2,1,133209,60101,3,current-scipy,e3baff7b9f6047bff77ea4603623540f5eecf45a,ok,True,1,10.53724509998574
3d-cap2-1x,3,cap2,1,133209,60101,3,previous-pymedphys,866f83edad8586a42a739094e488f45242b72c95,ok,True,1,2.5951998999953503
3d-cap2-1x,3,cap2,1,133209,60101,3,previous-scipy,866f83edad8586a42a739094e488f45242b72c95,ok,True,1,11.081457899999805
3d-cap2-1x,3,cap2,1,133209,60101,3,current-pymedphys,e3baff7b9f6047bff77ea4603623540f5eecf45a,ok,True,1,1.8259448000026168
3d-cap2-3x,3,cap2,3,396716,181080,0,previous-pymedphys,866f83edad8586a42a739094e488f45242b72c95,ok,True,1,8.519034700002521
3d-cap2-3x,3,cap2,3,396716,181080,0,current-pymedphys,e3baff7b9f6047bff77ea4603623540f5eecf45a,ok,True,1,5.694362099995487
3d-cap2-3x,3,cap2,3,396716,181080,0,current-scipy,e3baff7b9f6047bff77ea4603623540f5eecf45a,ok,True,1,30.743992199990316
3d-cap2-3x,3,cap2,3,396716,181080,0,previous-scipy,866f83edad8586a42a739094e488f45242b72c95,ok,True,1,30.887235600006534
3d-cap2-3x,3,cap2,3,396716,181080,1,current-pymedphys,e3baff7b9f6047bff77ea4603623540f5eecf45a,ok,True,1,5.517756100001861
3d-cap2-3x,3,cap2,3,396716,181080,1,previous-scipy,866f83edad8586a42a739094e488f45242b72c95,ok,True,1,31.69667419999314
3d-cap2-3x,3,cap2,3,396716,181080,1,previous-pymedphys,866f83edad8586a42a739094e488f45242b72c95,ok,True,1,7.699436399998376
3d-cap2-3x,3,cap2,3,396716,181080,1,current-scipy,e3baff7b9f6047bff77ea4603623540f5eecf45a,ok,True,1,31.71486670000013
3d-cap2-3x,3,cap2,3,396716,181080,2,previous-scipy,866f83edad8586a42a739094e488f45242b72c95,ok,True,1,30.538647299996228
3d-cap2-3x,3,cap2,3,396716,181080,2,current-scipy,e3baff7b9f6047bff77ea4603623540f5eecf45a,ok,True,1,30.917019199987408
3d-cap2-3x,3,cap2,3,396716,181080,2,current-pymedphys,e3baff7b9f6047bff77ea4603623540f5eecf45a,ok,True,1,5.525562499999069
3d-cap2-3x,3,cap2,3,396716,181080,2,previous-pymedphys,866f83edad8586a42a739094e488f45242b72c95,ok,True,1,8.012586600001669
3d-cap2-3x,3,cap2,3,396716,181080,3,current-scipy,e3baff7b9f6047bff77ea4603623540f5eecf45a,ok,True,1,30.695794699990074
3d-cap2-3x,3,cap2,3,396716,181080,3,previous-pymedphys,866f83edad8586a42a739094e488f45242b72c95,ok,True,1,8.172877299992251
3d-cap2-3x,3,cap2,3,396716,181080,3,previous-scipy,866f83edad8586a42a739094e488f45242b72c95,ok,True,1,30.916960899994592
3d-cap2-3x,3,cap2,3,396716,181080,3,current-pymedphys,e3baff7b9f6047bff77ea4603623540f5eecf45a,ok,True,1,5.556793800002197
3d-cap2-10x,3,cap2,10,1309792,603080,0,previous-pymedphys,866f83edad8586a42a739094e488f45242b72c95,ok,True,1,27.37195950000023
3d-cap2-10x,3,cap2,10,1309792,603080,0,current-pymedphys,e3baff7b9f6047bff77ea4603623540f5eecf45a,ok,True,1,19.589533499995014
3d-cap2-10x,3,cap2,10,1309792,603080,0,current-scipy,e3baff7b9f6047bff77ea4603623540f5eecf45a,ok,True,1,100.9388723000011
3d-cap2-10x,3,cap2,10,1309792,603080,0,previous-scipy,866f83edad8586a42a739094e488f45242b72c95,ok,True,1,101.19710269999632
3d-cap2-10x,3,cap2,10,1309792,603080,1,current-pymedphys,e3baff7b9f6047bff77ea4603623540f5eecf45a,ok,True,1,19.016931300007855
3d-cap2-10x,3,cap2,10,1309792,603080,1,previous-scipy,866f83edad8586a42a739094e488f45242b72c95,ok,True,1,102.3360912999924
3d-cap2-10x,3,cap2,10,1309792,603080,1,previous-pymedphys,866f83edad8586a42a739094e488f45242b72c95,ok,True,1,26.432113000002573
3d-cap2-10x,3,cap2,10,1309792,603080,1,current-scipy,e3baff7b9f6047bff77ea4603623540f5eecf45a,ok,True,1,99.14073230000213
3d-cap2-10x,3,cap2,10,1309792,603080,2,previous-scipy,866f83edad8586a42a739094e488f45242b72c95,ok,True,1,101.79060140000365
3d-cap2-10x,3,cap2,10,1309792,603080,2,current-scipy,e3baff7b9f6047bff77ea4603623540f5eecf45a,ok,True,1,101.90140819999215
3d-cap2-10x,3,cap2,10,1309792,603080,2,current-pymedphys,e3baff7b9f6047bff77ea4603623540f5eecf45a,ok,True,1,18.809925599998678
3d-cap2-10x,3,cap2,10,1309792,603080,2,previous-pymedphys,866f83edad8586a42a739094e488f45242b72c95,ok,True,1,26.54581440000038
3d-cap2-10x,3,cap2,10,1309792,603080,3,current-scipy,e3baff7b9f6047bff77ea4603623540f5eecf45a,ok,True,1,99.28921329999866
3d-cap2-10x,3,cap2,10,1309792,603080,3,previous-pymedphys,866f83edad8586a42a739094e488f45242b72c95,ok,True,1,26.452229900009115
3d-cap2-10x,3,cap2,10,1309792,603080,3,previous-scipy,866f83edad8586a42a739094e488f45242b72c95,ok,True,1,101.80748689999746
3d-cap2-10x,3,cap2,10,1309792,603080,3,current-pymedphys,e3baff7b9f6047bff77ea4603623540f5eecf45a,ok,True,1,18.531789999993634
3d-cap2-30x,3,cap2,30,3978783,1839503,0,previous-pymedphys,866f83edad8586a42a739094e488f45242b72c95,ok,True,1,81.82182730000932
3d-cap2-30x,3,cap2,30,3978783,1839503,0,current-pymedphys,e3baff7b9f6047bff77ea4603623540f5eecf45a,ok,True,1,57.08401729998877
3d-cap2-30x,3,cap2,30,3978783,1839503,0,current-scipy,e3baff7b9f6047bff77ea4603623540f5eecf45a,ok,True,1,312.0665287000011
3d-cap2-30x,3,cap2,30,3978783,1839503,0,previous-scipy,866f83edad8586a42a739094e488f45242b72c95,ok,True,1,310.50918430001184
3d-cap2-30x,3,cap2,30,3978783,1839503,1,current-pymedphys,e3baff7b9f6047bff77ea4603623540f5eecf45a,ok,True,1,58.02436199999647
3d-cap2-30x,3,cap2,30,3978783,1839503,1,previous-scipy,866f83edad8586a42a739094e488f45242b72c95,ok,True,1,310.28314749999845
3d-cap2-30x,3,cap2,30,3978783,1839503,1,previous-pymedphys,866f83edad8586a42a739094e488f45242b72c95,ok,True,1,81.2058512000076
3d-cap2-30x,3,cap2,30,3978783,1839503,1,current-scipy,e3baff7b9f6047bff77ea4603623540f5eecf45a,ok,True,1,309.6184302000038
3d-cap2-30x,3,cap2,30,3978783,1839503,2,previous-scipy,866f83edad8586a42a739094e488f45242b72c95,ok,True,1,307.5800872000109
3d-cap2-30x,3,cap2,30,3978783,1839503,2,current-scipy,e3baff7b9f6047bff77ea4603623540f5eecf45a,ok,True,1,311.0636214999977
3d-cap2-30x,3,cap2,30,3978783,1839503,2,current-pymedphys,e3baff7b9f6047bff77ea4603623540f5eecf45a,ok,True,1,58.27049209999677
3d-cap2-30x,3,cap2,30,3978783,1839503,2,previous-pymedphys,866f83edad8586a42a739094e488f45242b72c95,ok,True,1,81.87668430000485
3d-cap2-30x,3,cap2,30,3978783,1839503,3,current-scipy,e3baff7b9f6047bff77ea4603623540f5eecf45a,ok,True,1,308.7542323999951
3d-cap2-30x,3,cap2,30,3978783,1839503,3,previous-pymedphys,866f83edad8586a42a739094e488f45242b72c95,ok,True,1,81.27927269999054
3d-cap2-30x,3,cap2,30,3978783,1839503,3,previous-scipy,866f83edad8586a42a739094e488f45242b72c95,ok,True,1,308.6875271000026
3d-cap2-30x,3,cap2,30,3978783,1839503,3,current-pymedphys,e3baff7b9f6047bff77ea4603623540f5eecf45a,ok,True,1,56.85413739999058
3d-cap2-100x,3,cap2,100,13242240,6149042,0,previous-pymedphys,866f83edad8586a42a739094e488f45242b72c95,ok,True,1,280.81723720001173
3d-cap2-100x,3,cap2,100,13242240,6149042,0,current-pymedphys,e3baff7b9f6047bff77ea4603623540f5eecf45a,ok,True,1,203.8696759000013
3d-cap2-100x,3,cap2,100,13242240,6149042,0,current-scipy,e3baff7b9f6047bff77ea4603623540f5eecf45a,ok,True,1,1063.0430900000065
3d-cap2-100x,3,cap2,100,13242240,6149042,0,previous-scipy,866f83edad8586a42a739094e488f45242b72c95,ok,True,1,1057.0767663000006
3d-cap2-100x,3,cap2,100,13242240,6149042,1,current-pymedphys,e3baff7b9f6047bff77ea4603623540f5eecf45a,ok,True,1,204.33184820000315
3d-cap2-100x,3,cap2,100,13242240,6149042,1,previous-scipy,866f83edad8586a42a739094e488f45242b72c95,ok,True,1,1113.635561499992
3d-cap2-100x,3,cap2,100,13242240,6149042,1,previous-pymedphys,866f83edad8586a42a739094e488f45242b72c95,ok,True,1,284.85300079999433
3d-cap2-100x,3,cap2,100,13242240,6149042,1,current-scipy,e3baff7b9f6047bff77ea4603623540f5eecf45a,ok,True,1,1139.2661585000023
3d-cap2-100x,3,cap2,100,13242240,6149042,2,previous-scipy,866f83edad8586a42a739094e488f45242b72c95,ok,,1,1146.1339568999974
